PPARG	NFATC2	BCL6	MAFB	PRDM1	SNAI3	EGR2	ETS1	STAT1	FOS	NFYC	IRF8	TCF3	PPARD	SNAI1
11.1327552	10.626251	3.7417872	8.3510467	9.1350244	11.0454001	3.7417872	6.5434199	11.7238049	10.4170009	17.7252	13.7276297	13.851604	11.1350097	7.8939154
12.2335177	10.222648	8.94653	3.7219955	3.7219955	13.0306844	12.9668657	8.8038702	12.4988012	3.7219955	18.0593004	14.4937066	13.1830153	13.2401076	3.7219955
12.8636566	9.9303434	10.136611	3.7989156	9.118334	8.8783327	3.7989156	7.0311106	13.1411945	10.400256	18.4294727	14.5137937	11.0141006	10.7789492	10.6323333
3.7090699	8.3681823	12.6516231	10.0210288	3.7090699	9.9017636	11.2186587	6.7278338	11.9108551	17.2533813	14.1082252	13.9012332	13.6556879	14.5422072	3.7090699
11.038351	11.3126309	13.6131206	14.8549557	8.8355818	3.7033711	13.133338	7.2938938	11.9237507	13.0000603	12.7650031	10.9894897	10.4603657	14.8007476	11.3721266
12.3492156	10.4644543	11.627728	9.1606635	7.0599599	3.7638057	15.853317	3.7638057	11.3074518	15.8082246	16.8384765	13.8962534	13.7261984	11.1261193	3.7638057
3.5924858	10.3966054	8.8293116	3.5924858	3.5924858	3.5924858	12.9683263	3.5924858	12.1127115	13.4302541	14.6185445	12.7519323	12.7638844	11.0557742	8.743591
3.6655932	8.6229252	8.950622	3.6655932	10.64004	11.0974796	11.2115921	7.9032452	12.6277466	11.5722359	18.1711687	13.152795	12.5684233	11.6566486	8.6839574
3.7372665	10.82907	11.360767	3.7372665	3.7372665	3.7372665	21.2082693	6.6330339	11.7750852	13.3255834	14.2717885	9.8732714	12.9499399	10.5801096	3.7372665
10.5211318	10.9550983	3.8980253	18.5259841	9.7724687	3.8980253	25.9053067	8.4721032	13.6099853	12.5372289	15.4314032	12.7520677	10.9669747	10.0159389	3.8980253
12.5288543	12.124585	12.0211424	3.8413388	3.8413388	3.8413388	3.8413388	3.8413388	12.7677928	10.3360972	17.6025431	14.4305692	12.0405914	12.5526896	3.8413388
11.1914513	11.2065504	11.9989927	3.7369561	8.3798052	12.0110231	3.7369561	8.0613197	12.767378	9.5909263	18.409775	13.7933022	12.7834834	12.847933	7.6478536
11.5155715	12.7514826	3.6560784	8.1573519	3.6560784	11.5379191	3.6560784	6.1216503	11.4736368	9.3161015	14.5771477	13.6908804	15.6052861	11.3484417	9.6822491
3.6926326	8.7027317	3.6926326	3.6926326	3.6926326	9.8454526	3.6926326	8.3031192	11.7539424	3.6926326	16.4950012	12.7323758	14.4887127	11.0926364	3.6926326
3.7514329	10.6875233	11.4822599	3.7514329	10.5389115	3.7514329	3.7514329	3.7514329	11.7977237	9.8844669	16.0857097	13.0267893	13.4033682	10.9411871	3.7514329
12.551409	11.1605446	9.5165003	3.7975608	11.3215225	16.4927602	3.7975608	6.7083194	12.1767327	12.2013811	11.0875268	14.3639196	11.3510443	11.1316404	3.7975608
13.3146425	8.8663134	13.8177788	9.9443449	9.6970057	11.9544116	3.6937901	7.0528422	12.4732332	12.7425312	13.3434009	13.8297502	14.055752	10.3562115	7.9151321
11.0527145	13.4361097	9.3504879	8.3609882	9.6354676	10.3876956	3.6047838	8.0231746	12.087298	8.7701233	15.5798798	13.8096078	12.7589901	10.2446601	8.031063
10.3436601	13.3612204	12.5029953	3.7122474	3.7122474	14.0463501	3.7122474	8.6814685	12.675162	10.6701711	14.1545092	10.7690199	14.4862922	11.2846611	3.7122474
14.2380592	8.1899892	3.6456573	3.6456573	7.1361815	13.2864438	3.6456573	4.6932697	12.4315585	8.7141106	13.290756	13.6250716	13.4159316	11.8752891	8.0684735
3.8436043	10.8554273	11.4590769	3.8436043	3.8436043	15.5756193	3.8436043	3.8436043	14.2344862	12.5562244	17.3953909	10.5471945	10.485664	8.5410436	9.9039691
13.0914241	4.054388	4.054388	4.054388	4.054388	11.2839781	4.054388	4.054388	11.5461434	4.054388	11.9053803	11.0655156	14.3079915	13.3335423	4.054388
12.1488314	9.6504485	9.1222077	3.54798	3.54798	9.3824264	3.54798	7.2831292	11.2127508	9.8464272	13.850334	14.0757362	12.5669664	12.1152459	8.7020605
17.5908179	11.1792629	11.7324268	3.7778898	10.839047	3.7778898	3.7778898	9.5536981	13.5857933	3.7778898	15.3098324	11.984796	12.3598601	12.3209167	3.7778898
14.6957673	8.6315332	12.5794269	10.1709795	9.4231058	3.6135547	10.198153	8.3357046	11.8277023	9.7196724	17.0804362	10.5445256	13.7271535	11.4881618	10.0183489
11.0079171	10.0363065	3.7199656	3.7199656	8.935208	10.3725079	3.7199656	3.7199656	11.9707024	9.0402748	14.590915	11.8124006	12.2488598	13.0188743	3.7199656
10.0182213	10.7555243	10.5120321	3.6229971	8.2860214	7.8843326	3.6229971	7.022525	12.0125983	11.0000201	16.7242627	12.5101322	11.8356118	10.5483099	9.4836048
17.0730661	11.5720467	9.8986558	3.739881	3.739881	10.5062094	3.739881	3.739881	11.4075697	12.5884566	13.8237954	16.4695925	14.6086221	9.7534431	8.5510831
11.7427518	9.311936	8.8888119	3.5993095	9.2706655	10.7397859	3.5993095	3.5993095	12.165708	9.7456217	14.3866061	14.3970354	15.0657927	9.85968	7.025037
13.725497	10.1210064	12.8956044	11.0291923	9.8642817	10.0145758	12.8828326	8.0820678	13.3721433	12.7410752	16.6592751	13.2526082	11.5454369	13.5826214	9.2216251
13.1238941	14.3664756	11.45592	3.8166645	12.7905099	16.2229118	3.8166645	9.3425865	13.0045372	12.0956196	16.5005313	12.7524927	10.9890679	15.3922849	8.9068794
9.3244311	9.7449713	3.6266033	8.6138486	3.6266033	3.6266033	3.6266033	5.4454014	11.81672	3.6266033	14.1355987	12.2900021	13.5242513	9.8399556	3.6266033
3.7995623	10.303502	10.2938591	3.7995623	9.6362931	3.7995623	3.7995623	3.7995623	12.2564947	13.0516852	17.6545237	10.444874	13.1032996	10.4746532	9.3626582
12.7669748	10.2643096	10.2441357	10.7422625	10.5654458	9.9163607	12.5968616	8.0439947	12.2231659	9.3701122	11.8995304	10.5613863	11.7755962	13.6143991	3.5964201
11.1356927	3.8491	9.6315202	3.8491	9.5436071	3.8491	3.8491	7.5476692	13.4174449	10.1460645	15.6280238	14.5636371	14.4539274	7.1197341	8.9671465
3.7977731	14.2812166	10.9317061	8.6707823	10.8068429	3.7977731	3.7977731	6.5602369	11.1245951	11.8089526	16.1418396	12.7289761	14.5287416	10.8417177	8.6342265
14.2302452	12.5353717	10.5794867	3.6421121	8.7766866	16.1748433	3.6421121	3.6421121	12.3499287	12.0828541	16.7351787	15.80396	11.8579748	11.1623829	3.6421121
9.8573341	3.8589574	10.1524012	3.8589574	10.4042751	13.2655258	10.9612756	5.336334	13.3355173	3.8589574	14.2005542	15.0143467	12.6538907	12.542219	10.5766285
10.1604074	8.9959501	10.2834408	3.5561449	8.6076964	12.1594189	3.5561449	3.5561449	12.4185514	12.1917686	15.2654614	13.0662936	13.0830102	15.9259492	9.0350435
12.4562378	11.7729313	13.3512053	11.6934558	7.6830616	9.0953493	9.3172984	8.2733901	13.3476444	14.4807087	13.4791171	11.5061451	12.0964793	11.7086151	10.2774926
7.3120456	12.2684625	3.6846757	3.6846757	7.3337469	10.6523427	3.6846757	7.2758305	11.80852	8.0843334	14.1647362	12.906662	14.0364079	15.7325025	8.6549266
12.3730294	15.0165448	8.8361306	3.7483701	9.2826533	12.6815594	3.7483701	6.1011433	11.6150537	8.9309646	14.6351992	13.4126113	15.1515199	10.0072713	3.7483701
14.0641986	13.4767734	12.9543525	12.2105336	3.8738177	3.8738177	13.9541163	8.4921668	13.0652079	14.8911983	13.4077996	10.6671363	13.8249603	10.9679965	8.2634366
10.618982	9.2891054	7.1636991	8.4912783	8.1486065	9.9599568	3.6188073	6.7469639	14.1349071	9.3838081	14.9819708	13.4374273	11.9486772	14.9085687	8.0793412
3.7802696	9.7465897	8.6953699	3.7802696	3.7802696	3.7802696	3.7802696	5.9175946	12.6815901	8.8553529	17.8403334	12.1730709	12.1311011	12.8516918	7.6051959
10.7500479	10.6389535	9.3954337	3.8411113	3.8411113	9.3554079	3.8411113	6.8104839	12.2593991	11.4289785	14.4560328	14.0572697	11.8470633	9.0414532	3.8411113
12.8426943	11.4808644	10.2085428	7.6416599	3.7440621	9.6801637	3.7440621	7.2249403	13.7042887	8.3755206	16.5580115	13.8737525	12.5337533	11.8596154	3.7440621
3.7702028	10.5877863	11.1663564	3.7702028	9.3008109	3.7702028	3.7702028	3.7702028	11.0823007	10.2336703	13.5834179	11.5129444	13.8343784	11.142035	3.7702028
3.8108946	13.9300427	10.9439379	8.5666495	3.8108946	10.6443889	19.9877994	6.3458279	18.4682833	13.7595375	17.6246806	13.5561186	10.7140149	8.8352922	3.8108946
3.7750073	3.7750073	11.6554121	3.7750073	6.9851784	3.7750073	3.7750073	3.7750073	11.7377025	11.6866801	15.7023847	13.8432763	10.6885226	10.82824	3.7750073
11.7555713	8.8648515	14.2289136	13.326949	10.2734198	3.8759617	15.5593301	3.8759617	10.86833	9.9220473	12.888005	3.8759617	12.4756926	18.3486666	8.2196767
8.584217	9.4181157	9.0856196	3.607368	8.270322	8.2727418	3.607368	3.607368	11.3779456	12.0425409	16.6716549	11.2535582	13.2983047	10.4579856	8.3965979
3.9539206	12.0729901	3.9539206	3.9539206	3.9539206	15.2990408	3.9539206	7.1835561	12.2769243	3.9539206	14.9123514	16.4597607	10.6582688	8.8542897	3.9539206
12.2073518	10.3776872	3.7767504	3.7767504	9.8896453	3.7767504	3.7767504	3.7767504	12.4912688	11.1306407	17.6703528	12.7181942	11.3368915	7.255477	10.2765169
3.6998749	10.7897774	10.618981	3.6998749	3.6998749	8.2559048	3.6998749	8.4020624	11.795293	3.6998749	12.0041142	14.179772	11.6184766	10.5664308	3.6998749
11.8809035	9.4487105	10.1716925	3.8016327	3.8016327	3.8016327	3.8016327	8.1342528	11.1060849	8.9261503	12.0602465	10.7701513	14.4171923	11.3916557	3.8016327
9.989729	9.8085645	3.8229742	3.8229742	10.5922198	3.8229742	3.8229742	6.902445	11.7894441	10.2336675	19.219978	12.3297541	12.9515113	9.9789956	3.8229742
12.4411633	11.4278594	9.8037188	3.7842923	7.002314	10.5398746	3.7842923	6.5678383	11.1743177	10.6610366	16.5408269	13.0218726	12.1832486	8.721499	8.9264769
10.2989218	10.9091761	3.7280782	3.7280782	3.7280782	3.7280782	3.7280782	3.7280782	11.0016755	9.7054501	19.0035858	11.3423221	10.636339	10.1451295	3.7280782
9.8615964	9.5770151	3.808762	8.9810204	8.1753157	3.808762	9.4283935	3.808762	10.967739	9.438671	15.8131287	14.0667784	11.8813692	3.808762	3.808762
11.1094324	13.957079	10.457901	8.7843576	9.6697046	3.8217655	9.7824608	7.6966209	11.3108566	11.9574797	13.1876167	12.3785476	12.9523508	10.8314792	3.8217655
3.9203992	12.1324036	3.9203992	3.9203992	7.5706856	3.9203992	3.9203992	3.9203992	11.0794773	3.9203992	13.2265086	13.8010002	12.2481453	10.0784059	3.9203992
9.5877648	11.3262894	3.9121533	3.9121533	3.9121533	3.9121533	3.9121533	5.1871337	11.9471046	11.1937644	11.9662965	11.931123	12.5233653	10.6323431	3.9121533
10.6806094	10.7215293	11.1175432	3.7897869	3.7897869	9.9988765	3.7897869	5.2555074	11.6646887	12.8429314	14.802071	12.6213634	13.3908204	10.5547783	6.5549655
10.0388651	3.8682133	3.8682133	3.8682133	10.9468824	13.0664867	3.8682133	3.8682133	14.4773379	10.4466489	17.3577875	13.9599899	12.8441854	9.1415387	9.8177005
11.0617718	9.6617014	3.9965571	3.9965571	9.3255321	3.9965571	3.9965571	5.5836513	12.0476692	13.7453354	16.244996	14.8045972	11.2169525	8.9092984	9.324224
3.8275505	13.6154568	11.8173311	3.8275505	11.9186682	3.8275505	3.8275505	3.8275505	12.570012	9.7118464	15.8738103	14.4885183	11.1877833	13.1558762	8.5353463
3.8904885	9.8631116	3.8904885	3.8904885	11.5444569	11.3537563	3.8904885	3.8904885	11.9617417	11.4811062	16.5608506	12.3595619	16.6219954	10.0577523	3.8904885
3.9145501	8.5146288	10.7074377	3.9145501	10.8799268	9.8246174	3.9145501	3.9145501	13.5485739	8.5557778	12.2815132	11.2316853	10.6908631	12.3772884	3.9145501
4.1017459	11.2300829	4.1017459	4.1017459	10.4239222	4.1017459	4.1017459	4.1017459	12.8652028	11.1587269	18.3575353	11.5312007	14.8397884	10.6914721	4.1017459
11.4366211	11.1839699	3.8215293	3.8215293	10.5185648	10.2646312	9.7170601	3.8215293	12.9102796	7.5924573	16.0111237	12.0696552	13.3078299	8.5798321	3.8215293
10.7138211	9.3244031	9.7148835	3.7559847	3.7559847	11.8811749	3.7559847	6.9281713	12.4491057	8.5732863	18.7912037	15.1306639	14.1810351	11.4830838	8.0429574
10.0584244	11.1776159	8.8682522	3.6681752	7.3897381	12.1414396	3.6681752	7.1900571	13.1987932	8.5175943	16.19836	11.7846832	13.5199012	13.8520679	3.6681752
3.8985363	11.747006	10.8233767	3.8985363	9.7895161	10.2844931	3.8985363	6.5103466	12.58936	10.0909895	19.0056611	14.5685222	11.5745781	10.0438391	9.1041831
3.7850172	13.5327402	3.7850172	3.7850172	3.7850172	3.7850172	3.7850172	3.7850172	13.8710446	12.9927009	18.3069536	10.7409385	12.4206458	12.9053793	9.1576891
11.6434389	11.4900833	10.1288077	3.8598975	10.432932	3.8598975	3.8598975	8.2340452	13.6651076	11.9486886	19.0726299	14.5856221	13.0365989	14.5277603	8.6199525
3.8244233	9.9647372	3.8244233	3.8244233	9.0714775	3.8244233	3.8244233	5.2945665	11.3347645	10.8137049	19.0854569	14.022657	9.3327374	10.2082797	3.8244233
10.846471	10.7665259	3.9232914	3.9232914	10.6502058	3.9232914	3.9232914	6.3540273	11.2915391	11.1110644	13.7037222	12.2868968	11.940649	11.1211203	9.4832956
11.0649736	10.3997566	13.6816395	3.8392701	10.3914144	9.7234859	3.8392701	3.8392701	11.4850784	11.7122907	18.2385443	12.6976561	10.926102	8.4169488	3.8392701
3.8604347	3.8604347	3.8604347	3.8604347	10.1431204	3.8604347	3.8604347	8.0202972	11.2928879	10.5813015	17.2579924	11.5457748	9.2805634	10.7123824	9.6168957
3.6270314	11.8295699	9.1614214	7.9031392	3.6270314	3.6270314	17.1902579	3.6270314	11.2319891	13.1519429	12.2294929	9.4540249	12.2358114	11.3449493	8.9363128
12.2078043	3.9035843	14.2183566	13.2729628	12.9151038	3.9035843	15.717993	3.9035843	11.5418833	7.9259665	16.1956555	3.9035843	10.7309575	12.0547408	9.2047331
8.9930555	10.9025773	3.9077055	3.9077055	3.9077055	3.9077055	3.9077055	3.9077055	10.9118696	11.5471278	17.0778034	15.1976972	12.8043674	10.3660082	3.9077055
8.2604911	8.8581142	3.8024209	3.8024209	3.8024209	3.8024209	3.8024209	5.4971169	11.1652972	13.4955496	17.380488	13.0881226	15.4206798	10.0713367	3.8024209
4.0477981	13.0772494	4.0477981	4.0477981	9.7522529	21.2037962	4.0477981	5.7010105	11.7722699	13.0190125	21.7938678	10.3034638	13.8164383	9.3946072	12.3060827
3.8539948	11.5236249	3.8539948	3.8539948	8.7080994	9.1378287	3.8539948	3.8539948	11.8285105	10.7725111	17.6397697	13.029122	12.0295147	9.1473302	3.8539948
3.8913304	13.5715244	9.9074334	7.1559753	3.8913304	3.8913304	3.8913304	3.8913304	10.7722496	3.8913304	14.3527648	11.3634524	10.5783844	10.5656142	3.8913304
9.2417298	11.9539641	10.1428804	3.8307814	3.8307814	3.8307814	3.8307814	7.5471724	9.846729	11.0559527	12.3400614	13.7584644	3.8307814	10.8948177	9.488363
11.4897162	10.03791	3.9332608	3.9332608	3.9332608	13.7464637	3.9332608	3.9332608	13.1984534	12.0407693	13.9683446	9.6224796	10.1823416	12.7723734	3.9332608
12.8979293	14.2387305	8.782671	4.0398586	4.0398586	4.0398586	11.498925	7.9170894	11.667061	12.288675	15.9653667	12.6087965	7.6751253	12.5081753	4.0398586
12.0537488	11.6226768	3.7275258	3.7275258	8.6480293	9.2326808	9.2334133	3.7275258	13.2404773	8.4507156	16.8569938	12.6710729	11.8209026	11.4198564	3.7275258
3.6550918	10.0495099	3.6550918	3.6550918	7.672133	3.6550918	3.6550918	8.5881984	12.7572129	8.9041625	15.6730404	11.8630509	11.7623307	15.2385443	3.6550918
3.8043517	9.5859856	10.4791457	3.8043517	9.7745663	3.8043517	9.186887	3.8043517	14.4448784	12.295989	18.9256975	14.6974123	9.3026452	11.7709366	10.4602558
3.7381983	11.1981262	11.1405519	3.7381983	8.2027043	10.3144356	15.9720453	3.7381983	16.1008173	16.9541027	16.4339681	12.7662134	11.4973651	13.9861147	3.7381983
3.874235	10.0919001	10.8013065	8.1595266	7.3671446	10.4827458	3.874235	9.3285385	8.6649252	3.874235	13.5946312	12.1931796	12.9590919	10.4281596	3.874235
13.4366185	12.0603518	11.8308691	3.8562671	10.4477507	3.8562671	3.8562671	3.8562671	12.1911297	15.3169956	17.6511869	15.1237647	14.5357337	9.2062235	3.8562671
10.1726122	3.8508211	3.8508211	6.9736202	10.2521038	3.8508211	11.0053562	7.4354541	14.336412	16.2989259	17.2343758	14.021187	10.4543218	8.8052409	9.4125173
10.0342734	15.0825879	3.996369	3.996369	11.675677	3.996369	3.996369	3.996369	11.0398234	10.773807	16.8543831	12.4205361	10.228764	12.9135268	3.996369
14.5543444	9.7378696	15.8036379	12.8050121	3.7390369	10.5512902	13.8217696	7.9866321	13.3679491	12.4588336	14.7725318	14.5794947	10.2775093	12.270872	3.7390369
4.0738073	11.9706692	4.0738073	4.0738073	10.7796585	4.0738073	4.0738073	10.0318566	13.9800193	10.86551	14.323386	12.7151274	4.0738073	12.4078713	4.0738073
3.9726457	3.9726457	21.7370383	3.9726457	9.9879788	3.9726457	12.5699807	3.9726457	16.8007379	14.9618708	14.6499455	15.3524434	14.0394224	13.674075	10.9471549
10.6801263	10.3658868	14.0726915	9.5673065	9.5950442	16.29642	10.3800097	6.4084814	13.1729479	22.3959905	18.2535881	11.6926038	12.6415552	11.5717378	10.469893
3.9924118	9.280127	3.9924118	8.6251499	11.5949592	13.6902629	3.9924118	3.9924118	14.3791741	9.8198806	17.0327477	12.7466117	8.9706958	13.0209577	3.9924118
3.9573112	12.5766098	3.9573112	3.9573112	9.1114885	16.5873855	3.9573112	8.463372	11.9479853	10.2489035	14.4426656	14.3139388	3.9573112	11.9758715	3.9573112
4.0448917	12.7971778	4.0448917	9.1730782	9.7741656	4.0448917	4.0448917	4.0448917	11.8910646	4.0448917	11.7313671	12.4105475	10.3351372	8.8896439	4.0448917
10.5011383	11.5866853	12.6710925	8.9638533	7.4626513	3.9390425	13.0588595	6.0317712	10.9138136	16.1724299	17.2320589	13.4744864	12.426944	12.5700111	3.9390425
3.8940077	11.78368	8.2946787	3.8940077	10.7074848	3.8940077	3.8940077	3.8940077	11.5810625	11.1530721	15.683736	13.5326109	11.4843685	11.7133053	3.8940077
3.9097937	12.5011255	3.9097937	3.9097937	9.0387818	14.5911807	3.9097937	3.9097937	10.6608242	8.9626641	13.6084146	14.9299151	12.0040702	11.2545885	3.9097937
9.3555338	10.968241	13.9697695	10.988099	10.9538106	3.6932955	12.5036421	7.3838595	14.3746911	12.945537	17.15962	11.5856821	10.4697912	13.5250461	13.1697264
12.9375981	9.415342	10.8295255	3.9145858	7.5110905	3.9145858	3.9145858	7.2013542	14.3268672	11.7930432	13.6386826	11.0951954	8.3060291	9.7178563	3.9145858
3.9451304	11.4726049	13.0570405	8.873889	3.9451304	14.8351775	3.9451304	7.5377534	10.9912231	9.6479157	14.6709403	8.8151101	11.5863999	12.590572	3.9451304
12.6135957	10.6672821	4.2150622	12.2898062	12.9557924	4.2150622	4.2150622	4.2150622	11.362403	4.2150622	14.325299	14.3343916	11.8021566	10.6918832	13.8254162
11.5025318	12.3825491	4.0566172	7.658677	10.5433379	13.264103	4.0566172	4.0566172	11.4215454	10.8355787	13.1582142	12.0215122	10.8020827	10.5769681	4.0566172
3.9577289	12.984606	9.9631489	3.9577289	8.7543203	3.9577289	3.9577289	3.9577289	11.6338146	3.9577289	18.7412859	14.3148516	11.0870588	12.7617587	3.9577289
3.8275232	10.1959888	3.8275232	3.8275232	9.3627105	9.5379131	3.8275232	3.8275232	11.9625596	9.3990684	11.7237354	12.1896641	11.2700885	5.7880072	8.8344936
4.0673445	9.8898156	4.0673445	4.0673445	4.0673445	14.1402137	4.0673445	4.0673445	10.6054401	10.4835063	15.9020942	17.1002946	10.5522669	11.3701543	4.0673445
10.2564337	8.1336118	3.9008987	3.9008987	3.9008987	3.9008987	3.9008987	6.8361775	10.5266352	9.5582851	13.1784	9.4351808	9.9903188	12.5575642	8.4727367
11.0151095	11.1003208	3.7270691	11.7794935	10.6275644	3.7270691	11.6502353	8.5774825	12.4771297	10.4313744	12.203054	8.7405947	9.5927212	11.5943751	9.2972742
12.8905946	11.7229262	8.603252	8.2543704	8.2621466	10.6561491	3.7025829	6.4154163	10.2788508	8.5780919	15.2752336	12.2623366	13.2661063	8.4044177	7.3953905
3.9100614	11.9126636	3.9100614	3.9100614	3.9100614	3.9100614	3.9100614	3.9100614	10.4339748	9.5289778	12.7301419	11.2789779	12.3007381	10.0491397	8.6048503
12.9730897	10.7564038	3.6968124	3.6968124	3.6968124	9.3797023	3.6968124	8.475511	10.9996093	9.152644	12.7258689	12.208329	12.6090731	10.2719638	7.9157609
15.3687941	13.0139202	14.9792865	15.3429377	8.0899019	3.778969	18.3830059	7.6926227	11.5687495	15.6395184	14.2782364	11.8450142	14.4291683	15.1009034	10.8869219
9.8079376	9.9898772	11.0262744	8.1755871	9.5874569	9.3740629	12.2192242	7.7608817	12.173716	13.0960881	15.0964114	12.9310551	12.4424651	12.6443989	10.1791685
3.9065819	10.6225212	3.9065819	3.9065819	9.0175419	11.4583811	3.9065819	7.5393191	13.1113797	9.4401816	17.7949408	13.5501795	10.3278925	13.979765	3.9065819
12.9645838	9.5849676	8.6752379	3.8685066	10.9907105	11.0095597	9.2339445	3.8685066	12.0903525	9.3443463	14.4255546	12.7337229	12.0461471	11.7937483	3.8685066
4.06387	10.7425352	4.06387	10.0338386	13.3590027	4.06387	4.06387	7.2646669	12.3573377	10.8243689	14.9176418	10.4334972	4.06387	14.671397	9.9812502
14.3151654	10.1657244	10.288815	8.5338227	11.2331763	4.0932414	13.2185082	7.5065746	13.026715	9.9198949	18.7319722	12.5327689	12.9253851	13.8007508	4.0932414
4.0480262	10.4915603	14.0241672	8.9633873	11.0949734	4.0480262	4.0480262	4.0480262	12.2575808	4.0480262	13.9358041	9.0607782	8.3737225	13.8686221	10.3333367
11.304849	9.1651858	10.912913	3.9844596	3.9844596	3.9844596	3.9844596	7.7669967	12.5762941	10.729882	13.1766893	14.848673	11.8995376	12.9157279	3.9844596
14.0443424	12.9148964	8.5860743	7.5195886	9.4515	9.6546625	8.5411864	6.4103132	12.6610707	8.9511263	13.9311394	11.4786474	12.3371101	11.225	8.7184545
11.8419297	11.9549938	8.2822966	3.7557126	6.5158163	9.8944773	3.7557126	8.1998706	11.6260762	9.834228	12.9516249	14.4459735	14.0857639	11.6547131	3.7557126
7.7530611	11.8262634	10.068274	3.677479	10.4195018	3.677479	3.677479	7.4370489	11.2442403	9.9515567	14.0566355	12.6726235	13.4629978	12.306814	3.677479
11.1637857	10.8382294	3.808018	8.4158201	8.4436633	3.808018	3.808018	5.2049752	10.6719427	9.5913744	14.4739815	16.5294027	11.8884122	9.6350207	3.808018
3.8444426	10.122605	19.7966828	11.6885277	10.1817395	9.5865258	18.0099596	8.5748386	11.7075683	15.6458301	15.8940799	15.7211234	13.2817766	15.2257022	3.8444426
4.1561518	13.7769818	13.5721587	4.1561518	4.1561518	4.1561518	4.1561518	4.1561518	13.7835032	14.4796737	12.048396	12.2086095	4.1561518	13.6557373	4.1561518
4.1089365	4.1089365	4.1089365	4.1089365	11.7475186	4.1089365	4.1089365	7.0446113	8.8093904	4.1089365	11.8215829	13.3112622	8.0324065	12.4371536	4.1089365
15.4465847	12.1965898	15.5647024	15.8119604	10.6273233	8.128963	11.6396836	7.485042	12.0206259	15.5663661	12.3068144	11.1063697	11.7222092	12.4872317	8.4406518
15.3315701	9.5642084	11.45215	10.5357076	10.5278192	3.8163988	12.3038968	7.002226	14.992877	14.5010953	14.2033541	12.7336065	10.394179	13.1180878	15.1516336
13.4914187	10.0531807	12.9207427	17.2035267	14.3598995	3.9868407	33.9371175	8.3552799	11.8130496	13.5358958	16.7541597	11.8102344	15.2839114	13.7829391	3.9868407
4.3237456	14.1009906	4.3237456	13.3751005	15.0027191	14.681532	4.3237456	8.9342224	11.7371045	13.4874589	14.088021	4.3237456	11.6405566	15.3501323	10.4678644
11.5695737	15.949577	4.0634663	4.0634663	12.8548519	11.1134799	4.0634663	4.0634663	10.943886	10.8640486	11.1041083	13.9842174	4.0634663	11.4706535	9.8571134
4.1183171	13.969752	4.1183171	4.1183171	4.1183171	4.1183171	4.1183171	6.9201923	16.0024635	4.1183171	12.9317011	14.717617	11.4700019	12.9732341	4.1183171
10.1931267	15.8887594	13.1583484	3.8200505	3.8200505	10.7828773	3.8200505	3.8200505	12.2947133	13.0733315	11.7189339	3.8200505	11.5368146	8.5991152	3.8200505
3.5107244	10.0088648	8.8323583	12.0681023	7.4299645	3.5107244	3.5107244	5.4565494	11.5370249	12.6961202	10.8722383	11.6057133	8.3304876	11.1236314	3.5107244
4.0611112	13.6563448	11.3404271	4.0611112	4.0611112	4.0611112	4.0611112	7.0659616	11.6797173	9.5686599	12.1810593	10.5521326	9.6196261	11.8077909	4.0611112
9.9392581	13.0597949	10.7354236	3.9744075	3.9744075	10.8733128	3.9744075	7.5002555	11.0595599	11.1206036	15.2409073	13.7423135	11.4720701	14.2572453	3.9744075
11.1149499	10.8869403	10.1190311	7.5654682	7.8433298	3.7071355	3.7071355	7.4417221	11.063937	10.082538	13.0813658	15.4361501	13.1871939	11.4008073	8.2611562
4.005011	13.9878835	13.1555513	4.005011	9.850832	4.005011	4.005011	8.3679689	11.3657116	9.6425144	4.005011	11.9800533	9.8693858	14.4108234	4.005011
11.6485395	10.0369909	13.6974651	15.764351	3.7417655	10.6528576	14.6120781	8.3530112	11.3706001	11.2017307	15.1093332	12.8815808	13.2417524	15.5358837	8.711815
11.4916176	9.7285087	10.2830509	10.079773	8.5266317	10.4834623	10.0487816	6.5249871	13.7501589	16.1521817	13.8195483	12.6916595	11.2478215	11.1149242	9.2827513
11.9727172	3.6529874	13.5800679	3.6529874	3.6529874	10.5977321	12.0734166	6.9029977	13.1351641	11.7210905	14.3090559	12.2909372	10.0928757	12.3977774	10.2431026
12.7668048	12.7486434	13.2356083	9.4398518	9.0638542	10.3292072	12.3021437	6.8536019	12.7536333	16.2929284	15.8198245	12.0458886	9.5612708	16.9648388	11.1602997
3.9016261	11.0542323	3.9016261	20.999576	8.9607616	3.9016261	16.4484674	5.9902199	11.0956914	14.0148321	17.1134843	12.3207322	11.6095216	11.8770809	9.940636
11.1082906	11.9192075	12.2546058	7.8627233	10.7728219	13.0584715	13.0770932	7.4149848	12.4707013	13.6090793	16.7169443	10.5902005	14.3993249	12.8701278	12.9595619
11.4494477	11.0306063	9.5697027	12.7241489	10.3271321	3.8754476	3.8754476	6.8136759	9.6274891	9.3153726	14.0931697	9.2781082	9.2184737	10.9823639	3.8754476
14.1437427	12.3299715	11.1538215	3.9472486	9.2853645	3.9472486	3.9472486	7.220674	9.6930518	10.7687071	15.3126129	13.8400158	9.2223884	11.7451273	9.9156164
11.8496735	8.0911714	15.5356987	7.9329376	3.9910857	3.9910857	3.9910857	3.9910857	11.288524	11.2633199	12.5753017	11.7693487	12.5479047	15.4492203	3.9910857
4.0914658	13.2281634	4.0914658	4.0914658	11.9930682	4.0914658	4.0914658	4.0914658	12.4028587	10.4135496	17.4033066	4.0914658	4.0914658	14.2206943	4.0914658
10.3645797	14.3457769	3.8587127	3.8587127	3.8587127	3.8587127	3.8587127	3.8587127	12.3099186	3.8587127	10.3798287	14.5756874	9.8146942	12.7060814	3.8587127
15.0775033	11.790365	18.5444611	14.1190379	10.3670099	13.7702189	12.7398939	8.684558	10.5273589	9.8842416	14.3531841	9.4239414	9.8083206	13.8668248	8.5652234
12.4822101	11.4063217	12.4671378	12.62491	9.7304857	8.2184656	3.6361336	3.6361336	13.3047819	10.539827	3.6361336	11.1248108	11.5582784	9.1384073	8.9718257
10.2947369	11.674661	12.5006782	12.1562704	10.3758239	3.7957917	13.2669385	8.8870842	12.3505556	12.6888448	11.3394504	11.789045	12.1330538	14.4768135	11.7206073
12.9473345	13.4532927	12.7108042	8.8416457	4.1315513	4.1315513	4.1315513	4.1315513	11.4416772	14.1264256	4.1315513	4.1315513	12.4904501	13.9823262	4.1315513
15.1190395	10.7638597	16.166969	14.4843103	9.7881752	10.048782	19.9511176	7.3589313	12.5196872	15.298696	18.6959074	11.2060342	11.0071676	14.5308388	3.8409203
15.9748471	13.3931697	19.0873351	16.9174384	13.0272154	10.6708748	13.8002351	3.7560091	12.5012707	14.2502999	15.7824146	11.2330132	9.8474439	13.6636475	10.6100613
15.1044522	13.7612681	15.3045405	14.0503443	12.8820708	13.503472	10.5260638	3.9771163	13.3384063	19.912501	18.8484176	12.2921184	3.9771163	14.2667138	21.862018
18.870436	12.6579741	18.9254206	19.0740209	9.6608147	3.9310482	18.5389343	7.3615833	13.1641707	17.9325008	20.2804015	9.8455509	3.9310482	12.4491811	3.9310482
16.9146334	9.3037239	9.1579392	12.0843911	11.5587671	17.8609419	12.2994425	9.9275368	12.7157058	11.0881921	12.1903693	12.138953	12.8615889	14.7558116	3.8435438
10.2191922	8.0035212	10.8502507	7.1333601	10.5187713	9.6486642	11.8647586	3.7743993	14.2537864	23.3300145	13.9628697	13.1325096	7.6002076	11.8715595	11.8735709
11.9335841	11.6076835	12.4074421	10.9302982	12.6441297	10.8813825	15.972798	8.7519256	14.2060634	17.4172058	13.8216577	13.4447446	10.9825174	12.5976471	11.6174373
17.2373979	10.9595099	18.6249656	11.1902455	10.4755283	19.8842939	12.3217155	8.4636993	13.7000173	12.3139317	18.7125137	12.4634013	12.5086081	20.7006423	3.9582521
14.8831423	11.4646784	13.9724507	9.0849926	11.0444714	20.9841647	11.7180341	3.9346498	14.179541	13.3780567	12.9031385	9.8475365	11.0628754	15.2752114	3.9346498
13.5871187	10.0621488	16.5909123	12.7532564	16.1093163	10.5697044	15.3509163	5.6296084	14.7953065	14.7881673	16.9391363	12.8715476	7.911483	13.2392838	10.2503438
4.0764525	11.8180716	4.0764525	4.0764525	12.1751888	4.0764525	4.0764525	4.0764525	11.9695688	10.9369137	4.0764525	16.1454587	12.2513005	10.6299932	4.0764525
13.880926	13.217379	12.6760724	13.8638393	10.0115103	13.0691225	12.6790946	4.1012148	9.9108968	13.1915705	13.0456229	4.1012148	10.4547512	13.8774432	11.3106415
14.9833444	10.5476954	15.3098689	12.7823595	13.2686528	10.8802922	11.708588	7.401012	14.0808241	14.0899063	13.1218084	12.2100322	12.6305082	14.6595513	10.4093842
15.178137	12.6869718	15.0019276	11.451598	11.0982709	11.5398314	16.5276234	10.3745099	12.5354951	12.124389	15.1267467	13.8019168	10.1352519	15.8556442	3.7142176
12.5932187	13.5239101	13.2727839	14.6344589	13.7734068	12.4519562	15.076783	3.684358	17.8058377	15.12824	12.3252941	10.5740712	3.684358	12.2588673	12.2832451
14.3567687	9.6335462	12.9779873	13.0892015	11.2961433	8.1633341	14.210818	8.4357517	12.365445	14.4892534	16.886375	12.5126724	8.3556749	12.1312187	16.7052571
9.2588354	9.4329784	13.3681914	3.8526003	8.1965854	11.5218373	11.3745342	9.3053912	14.0853794	29.7447845	19.4354366	14.7148443	6.8534893	13.8030588	13.2847336
15.7263177	8.5818847	14.2475919	14.60977	11.0465995	13.5385515	14.084638	8.4245107	12.3205745	16.5775826	16.2207697	12.5281214	10.3011608	13.4808008	15.4076244
13.3603398	10.1146745	12.9817315	10.94247	3.9248616	10.8332552	11.718707	7.1408583	12.4375105	11.9898776	15.9188654	13.6537742	11.2062445	16.1438718	3.9248616
15.2167726	10.2978272	16.4618244	13.673496	13.3633859	13.1222761	10.9322575	7.0918719	13.3285061	15.336757	16.3096778	13.7789842	13.0914102	16.3896049	13.2646535
10.810197	9.9634698	15.5057996	8.9328069	3.7704238	11.5107877	11.0051039	6.6092278	13.5679227	17.2153035	20.7353604	11.7264037	13.3986701	14.2197737	9.2014928
15.246749	10.9545973	4.0140617	9.5067971	4.0140617	4.0140617	4.0140617	6.2987499	11.420873	10.5624459	15.8180333	11.2656191	11.2654216	13.3843996	4.0140617
12.730292	14.8721066	17.8824481	11.0565222	12.2871151	22.3762036	4.0419041	4.0419041	15.3814616	10.2488861	4.0419041	13.2027837	14.0867103	14.4156091	4.0419041
12.1447024	11.7267523	10.6945524	9.1389743	9.552294	11.0685938	11.6848688	9.0231822	13.8718224	20.9356029	16.6335588	14.0249074	12.5137493	11.8469296	9.189672
12.76003	11.9255992	12.8930305	13.3268212	11.5734215	10.3241954	15.2719614	8.2155539	13.9368873	20.5403627	15.0988132	15.247898	13.2170501	15.8340123	13.5174708
15.1907042	11.1266202	13.9799647	10.7283907	10.8182643	9.5922165	12.0365195	9.0053612	14.4787615	14.2442188	14.0410891	12.5983518	12.5992521	16.0193079	12.0605616
9.0969464	10.9841521	16.919746	13.0685256	12.8187159	15.5942037	14.0489517	6.7328834	13.7474571	12.2710052	17.3941883	14.2048337	12.1473414	15.5482017	10.3603351
20.4482943	11.4873516	19.4836014	19.7118867	9.4333537	4.0821514	20.1203436	6.0904617	13.3851814	15.2901589	12.2665866	14.9446435	9.7142787	15.5164791	4.0821514
16.0996255	14.821723	13.8180758	14.4582426	10.4544865	9.9657657	16.512697	7.4623294	13.9963015	16.2639269	12.5450374	10.3637232	12.5380331	14.1924959	10.500062
10.1677673	15.127761	16.6609254	16.3292621	10.6756044	11.9154979	13.8253356	7.9178775	12.0710894	12.8535603	15.5357561	10.488565	10.8794456	15.786114	8.7283748
16.0714826	13.2948993	13.5374335	15.2426387	11.1033298	10.5415161	17.2913754	9.9318257	12.8077313	14.9907839	14.6631491	9.3992252	9.4178101	15.0347548	9.0858581
16.7609242	9.3652279	21.0830404	12.4814881	11.4463081	13.8489549	19.7880413	9.1732812	12.4100326	13.6003729	15.2757232	14.1370997	13.9994835	16.8570031	4.0283693
19.6323249	8.5217414	18.6338453	15.0741454	11.7003025	11.0217924	16.9771336	9.5403976	11.6849395	14.6384755	14.4815941	13.1701532	10.9932901	15.457017	10.3769522
11.0062114	7.595235	21.4195745	17.8333965	13.3020701	11.1371598	31.9309921	8.1534416	11.2443763	11.7276686	12.9122739	12.2436227	10.9498824	16.6407174	8.3410693
12.3478268	11.1814622	14.2586041	15.6286764	10.7747301	3.93878	12.9218572	8.6480778	12.2326082	18.3731875	17.3958904	14.8874211	11.5491745	18.05323	9.6140858
11.1790625	3.7856862	12.5997137	8.694066	11.3113865	11.9425434	13.3715484	7.4452384	12.9932416	18.3036399	16.2796333	12.7634989	11.3207927	13.6145443	10.6931623
18.0164112	13.1174139	18.5389205	15.2235705	13.4837985	9.8332705	13.7894714	4.0891061	15.5814623	13.3370632	18.4253567	13.4773684	8.209293	14.3986597	11.3644216
12.0531323	4.00061	12.8614981	12.7621251	11.6252182	12.9880587	18.5499469	7.9451312	11.335997	11.4529796	13.1686392	12.3613982	12.2634825	16.4054986	4.00061
10.0938059	12.6921855	13.9369816	3.9756697	13.3199533	11.4277749	12.2291641	7.623016	13.9525767	15.4010826	16.0547712	14.9222349	13.0959611	12.982101	3.9756697
3.798745	9.8716772	13.9431303	7.2905084	3.798745	10.5498981	9.8777454	3.798745	13.0260484	11.8821022	19.4537759	11.0897558	3.798745	15.1867076	8.413829
8.8843467	10.5224498	4.1136063	4.1136063	4.1136063	13.7140353	4.1136063	4.1136063	14.0791338	10.5854044	14.3345883	14.3838692	4.1136063	13.1486832	11.2192362
11.8819566	10.7731266	13.5341183	3.8114651	12.6076697	11.1167693	15.1367724	7.0420656	12.6985631	16.0929104	15.5343792	14.1064797	12.9024336	13.6279008	14.0822285
11.3565814	20.3467349	3.961058	9.9050755	3.961058	12.3890581	19.2125572	3.961058	16.5831298	19.2316428	20.0598151	3.961058	12.597344	13.4542849	9.9864286
4.0900632	10.67104	8.8403385	11.2652938	7.6889665	11.875129	13.9412578	8.7646782	11.7643613	18.4079708	20.0241238	16.5136958	9.8030477	14.071642	9.8660608
11.7245528	18.6974005	10.6663081	16.5653455	16.4242708	14.8343572	14.6752773	4.0600278	10.0572978	18.3946335	15.0363848	12.1350511	4.0600278	16.575838	14.2753613
14.59063	11.7362625	13.6299562	15.344057	17.3938793	8.8077272	12.2798151	6.6172791	13.6667637	10.4679151	17.4941354	10.5047875	4.0544116	14.6191834	4.0544116
15.5424536	9.8184395	17.5131384	19.6985833	4.0159705	4.0159705	11.7285034	4.0159705	12.2092891	17.8207969	15.8608545	12.3036029	11.9931508	16.780787	8.4536598
21.2124541	11.669063	20.5683635	15.8503917	11.0165457	13.3139873	12.9395776	9.7046833	12.1001953	21.5884487	12.1191859	13.8117504	11.1176341	13.9343877	10.2941301
16.6335467	10.6848357	21.1916788	17.6889021	9.6823191	8.8724322	12.4321991	6.9789914	12.2525064	18.4118509	11.5125773	15.8528317	12.6521165	15.3217841	11.9141648
17.5106141	15.0324979	20.1384585	21.0489745	11.9361679	3.9236601	16.109252	3.9236601	11.9127825	19.1552087	13.6590795	10.4303611	10.9730617	14.8630375	3.9236601
22.6546578	15.4513864	18.0023925	22.1434639	11.9044456	14.3553847	13.0956877	8.4768246	13.3192138	18.3815335	15.583961	10.0319648	9.7861024	16.4732652	10.2850054
16.6883369	15.3600858	22.863636	14.6590831	10.9975663	3.9881339	13.172107	7.5662136	11.4485623	13.476483	13.9208842	13.5180546	3.9881339	14.2693573	9.7880413
3.8319635	16.1569129	9.3687527	10.6472777	14.2372746	12.1729647	15.0722688	7.4815681	14.4555158	19.1463108	16.7299348	13.9066647	11.806074	19.9080206	19.7124892
12.5979634	12.910889	18.7019375	15.1220229	11.6144633	10.132466	24.336571	4.0209161	13.781185	20.4736514	16.3016724	10.0314592	13.5957825	14.0654133	9.9478271
14.4482039	7.4497321	15.6613037	9.6641845	9.7567147	10.9518063	14.2396213	8.3219091	13.8591639	18.239301	17.7445648	13.9320747	8.7270169	13.7991064	10.0712056
17.7194032	13.5617183	21.35407	25.3238124	10.7202469	12.7847592	15.6977977	8.0659833	11.6081086	13.4287926	12.3096339	10.7253237	11.2499935	17.3471381	11.4973831
18.5324684	13.0848414	20.467041	20.6521545	10.8031879	3.9594542	16.3579534	9.0655759	13.2395855	20.0438433	14.29401	13.2262206	12.2147725	18.8185614	13.0646819
4.2675045	4.2675045	17.6888478	11.6374365	13.6765379	4.2675045	4.2675045	4.2675045	13.1059884	11.475938	21.182171	14.3031648	4.2675045	15.1327121	4.2675045
10.4919319	13.7725768	15.4090856	12.1882178	14.3577758	3.902636	9.1502767	8.6820527	12.4584664	13.5353972	15.2332453	15.6091421	13.2221173	13.8011347	3.902636
17.146719	14.8579502	22.5987593	11.4409903	3.9379556	12.3167268	17.2148886	5.8097271	12.7092971	11.0647699	16.5148365	3.9379556	15.0531867	17.9714528	12.1586907
16.0670627	3.8112374	16.3929941	13.7117835	14.5351626	16.5863729	16.6240239	8.1821838	14.3180347	12.6875853	16.6001438	12.839549	11.2223382	15.1685829	9.1472166
9.9472884	3.8315808	14.7867647	13.3430734	16.2984701	3.8315808	3.8315808	8.267223	12.5726684	10.8289928	16.5646284	15.2087638	13.8789099	15.4892093	9.4500188
9.0220918	3.8554863	13.3071611	13.4009942	16.7512891	3.8554863	12.9727385	10.2771156	14.3470222	14.8596157	22.9396131	14.0113943	3.8554863	16.6755139	9.1678542
9.7020524	3.7273649	12.9644978	10.770387	12.9113135	3.7273649	10.2796962	6.5879803	13.7395615	14.2223221	15.0570134	13.1725719	11.030595	13.8197879	9.0940958
14.7496631	12.5542825	25.4465883	18.511226	16.3545929	3.8486115	14.7735387	7.5836111	10.5625857	12.515396	14.1519791	13.5917681	11.098702	14.2287924	7.0603899
3.7806929	10.350185	11.6237187	11.991531	12.2822464	10.8625579	13.2851592	3.7806929	12.6700189	17.2393943	12.7759264	15.3005571	11.0225551	14.3879344	12.2292007
3.8085337	9.0033972	10.6385712	12.2412174	14.5189509	12.3457587	10.6545177	8.0254799	13.0337332	11.7994845	17.3504234	15.5843103	3.8085337	13.716316	3.8085337
12.0895834	20.4550753	11.8567725	12.6108833	15.0273617	3.8455894	12.8811102	6.5661545	11.7148362	3.8455894	17.9000839	9.0633703	14.8011048	15.1666143	9.4247378
11.1507948	8.1993981	17.6364796	14.6613979	14.8464567	10.1480253	18.0419034	3.8206838	11.8792487	14.9006086	17.7798731	12.9503832	3.8206838	16.638864	11.2349041
14.6644332	9.1276803	15.2174695	11.8051439	10.252116	12.223852	19.1507936	6.6501393	15.2847128	29.7729421	18.2636245	14.6172533	10.6008089	14.4531238	13.5796941
16.824534	10.7304494	26.2466167	20.1968807	10.6879749	10.6755719	22.6224732	9.2709882	14.3735957	34.6709645	19.9860301	13.3505863	11.1270686	24.4911938	10.0566347
11.2178319	12.6441905	9.0335811	13.0142595	15.8502716	21.0626714	11.5588902	3.9526386	12.9004564	11.2843167	14.721406	14.6080381	12.488424	12.782704	8.8188024
14.3470499	12.2526348	21.0766773	17.1882823	14.7374548	10.1402473	20.262177	10.2708459	11.590265	14.0265286	14.4084504	13.6702048	11.4920164	18.5372383	8.5324492
11.3004464	11.6364762	10.8501223	12.3629438	12.1829835	9.9711334	11.8840164	9.0154487	13.6757988	15.1123258	16.3871885	14.4798823	8.6568989	13.7598872	11.1493255
3.9487611	10.8787442	18.2290801	11.802736	11.8072867	3.9487611	21.8585987	8.0085719	15.6745671	14.5757375	18.8431913	16.6711153	11.3524703	16.1730095	3.9487611
15.3896122	13.9355084	20.5366308	17.5276399	12.1144454	12.3463967	19.9397369	8.5885457	13.8889824	21.910971	18.6388727	12.1427563	11.9835563	23.6915959	10.1885349
3.9734068	12.4888257	16.6767604	14.1183797	17.9581019	23.6585395	17.7645826	3.9734068	12.813023	16.9499884	13.6514384	12.4490988	5.923456	13.5193448	14.6153146
20.0294859	18.1381036	20.3416257	23.2269918	12.9683699	16.4966418	11.3764316	8.5498843	12.3122686	20.9985824	16.8549257	11.4152393	13.4292051	16.9133129	4.027237
12.7981307	11.3766544	13.3654375	12.1690808	13.9838755	12.6886256	11.4062257	8.2138153	13.5791496	14.309133	16.4216329	14.6717141	10.2968116	11.5866433	11.6156453
22.2135955	15.8218701	23.1321376	21.4286251	11.0088552	13.6684642	15.4234111	9.6749265	13.6840651	15.2932039	16.2670116	11.5314744	12.447181	17.9205562	9.5074939
18.83324	21.3126005	19.3322154	19.977245	13.4919234	4.0243658	17.1272217	8.6564449	14.0797814	10.702891	15.312012	4.0243658	11.8245434	18.0443144	4.0243658
14.6767967	11.6777096	28.2374927	12.7535952	10.720495	3.9984656	25.2064033	3.9984656	20.2229137	18.1567402	17.4001285	15.3522855	11.1701275	22.6333373	8.6885317
19.248935	3.9307266	23.4678918	24.4552936	11.2509594	12.4385511	19.2206139	5.2690026	13.3819196	13.9562634	18.5282213	9.5343574	11.9938935	17.5858204	3.9307266
15.5057649	11.7221228	17.9790537	18.2685507	11.9345222	3.947442	14.1945063	10.0355683	11.9100342	19.1062774	15.6358968	11.3998753	12.2893227	13.5385944	13.0784322
16.2460631	9.5678946	19.3807824	19.9138684	3.9343821	9.7294846	21.6547901	3.9343821	16.6828726	17.0334345	16.5867474	17.220029	11.683407	20.6385504	9.899356
14.1748323	15.3380589	18.2425158	18.7983889	8.2904733	3.7542482	13.7951045	9.2172836	14.6322193	20.9679582	17.7263061	16.860611	16.7112114	19.2293915	11.369989
15.27938	12.0474975	17.4984356	14.7260728	3.9770772	3.9770772	14.8952386	9.4680037	13.9703746	19.5003246	14.1087606	14.943128	13.9852026	19.0740566	12.1634603
14.3586135	12.8428898	19.2145973	12.9460742	10.2486572	9.67546	21.5429277	8.2340034	12.7865093	17.8068297	17.843884	13.51843	12.7215339	20.2457273	9.6525107
17.8794518	17.4231086	18.3234134	25.4088182	12.698762	14.6176944	22.0663794	10.0999999	10.2503771	16.9806419	12.9377143	9.1410799	12.0149565	18.5982995	13.0584144
9.3243525	13.7751595	14.0314651	11.1450979	4.0214172	4.0214172	14.8969445	8.3789079	14.850633	16.0103875	18.9749849	18.7577463	12.2737731	21.2008845	9.9333156
19.8368633	11.8175119	25.1400932	20.9696451	9.145757	9.7003323	12.7971104	8.6677939	12.6741989	15.6742759	16.6617594	14.5617971	16.4527556	17.4160836	3.8694624
10.5755019	3.9572782	17.0469296	8.1253411	15.4655808	10.474156	19.4635426	7.8630244	17.5600859	13.2030863	18.1798037	15.3016624	14.1081084	16.4428662	3.9572782
22.6494611	12.9246841	23.5734585	16.2371737	8.9736156	11.2391215	15.720828	9.2663637	13.4679116	15.9048463	17.045641	16.2156905	15.5156291	15.1686371	3.9299416
13.4299302	12.8492341	14.7263	11.1066619	4.0620975	11.2477045	13.1743952	4.0620975	14.3755813	12.310818	17.8351361	16.9446147	15.1650271	19.6498301	11.9585329
9.8363083	14.2478962	17.0065825	9.7290971	11.8006735	8.8139381	31.9146526	3.8538445	20.2251487	12.3357126	13.3024287	15.6938495	12.1330126	19.680817	7.7180237
11.5037572	10.8071753	21.6733582	16.5830676	9.2906897	4.0917046	33.694564	4.0917046	15.7255745	10.7278798	14.6860796	16.5591469	14.9775231	14.0752066	7.7067408
12.6478036	3.9785663	24.1266505	11.564656	3.9785663	3.9785663	18.9489405	7.8670683	18.1572358	13.1913013	13.7903819	14.0210221	14.5515838	15.8469861	3.9785663
15.7514823	11.2215234	19.0954349	18.9262488	11.7690871	3.9211166	21.7734549	10.2603927	13.2979022	15.2664607	15.9150628	15.7891045	12.2851782	17.3050511	3.9211166
14.7229156	11.2449912	21.5201265	17.6673408	11.5541995	10.6833549	16.8726547	6.992482	16.4029808	15.0987519	19.7571016	15.844373	11.5056337	13.7878011	3.9946162
3.870991	10.9676129	16.8470792	11.8089053	14.9062923	3.870991	3.870991	3.870991	12.2648278	12.0386078	17.1840136	12.8859928	16.0386422	13.6444179	10.0217891
12.7211961	9.064418	15.5771198	9.9036186	3.815242	3.815242	13.1446482	7.9262892	14.3462801	13.202129	17.6808587	13.4613569	12.2758959	14.9804639	7.0904803
10.5644262	9.0767374	10.544446	7.9191096	14.9270334	3.8711495	15.9274109	8.0080329	15.1006979	20.4448322	17.011147	14.999352	10.5066507	12.7227966	3.8711495
3.7730952	10.977556	14.1545662	13.7301325	12.4493713	11.6620269	9.3127458	3.7730952	13.7211274	13.5687526	14.5033859	15.1549383	12.760778	11.9943818	3.7730952
9.1451498	9.6726468	3.8507026	11.3849766	12.7262987	3.8507026	10.0215956	7.4718164	12.8760256	10.1603054	20.2573117	14.0341753	14.4392403	12.0116502	9.5695583
13.327059	10.9166059	10.5871516	11.6798162	12.2734996	3.7535852	3.7535852	6.237123	12.5930083	11.4234306	15.6529686	12.2864733	12.3031856	13.2741493	10.7819746
14.4505943	11.9022377	11.5477133	9.6952637	12.9690361	3.8708351	3.8708351	7.280751	13.0389187	3.8708351	12.1243758	3.8708351	10.0599779	12.6354792	11.6471154
3.9453388	12.3040044	3.9453388	14.6505314	16.6879667	10.221799	13.4748961	3.9453388	13.9281617	3.9453388	13.629421	3.9453388	11.5302402	12.2634399	3.9453388
4.0077559	9.7711486	21.5492323	12.3371352	9.1160439	19.8849033	14.6058236	10.136292	14.1671442	10.3107223	21.2584841	10.7764336	10.183023	14.7562368	4.0077559
13.3881308	3.8564371	18.930786	13.214209	9.6532397	3.8564371	10.9116619	9.5449439	14.0704402	13.4867024	21.2554478	11.4799657	11.3076517	16.2547241	10.5962567
15.1500078	7.9837238	17.616935	15.4130522	10.4629375	13.9306757	13.6171412	8.0409484	14.6263671	13.6890528	19.4899613	14.0216041	10.8771879	13.2357831	11.2926342
7.3923295	10.232634	14.8107516	11.5908462	12.4717926	12.2947168	10.176228	8.0652702	12.336588	9.0821742	14.2573318	14.8519543	11.8369491	16.1852689	9.4633922
14.5457607	9.7788736	33.9732522	12.8486768	12.4897283	12.0776649	27.0993	9.4447904	15.1240735	13.6021632	17.9326863	14.8592797	14.4721938	25.5013485	4.0138677
19.5538733	11.6498584	43.4716333	17.066562	12.5698433	16.1538183	36.8501913	9.545522	15.5533147	13.0541418	23.449939	14.9462367	13.0242176	16.2293877	4.075029
14.1892689	4.0310863	15.8120447	19.214104	14.6388957	12.2922482	24.1574813	9.3793326	19.5857688	13.7259624	18.8457253	18.9703062	10.9135776	19.9535921	10.1269665
13.4287474	9.7734539	40.1469671	26.4425979	14.022457	3.973528	20.4787832	8.1862939	14.7123078	13.2009077	19.2504629	14.8726807	11.4480708	18.0287794	10.5324005
9.9943196	3.978759	9.6076843	10.5107971	8.5185724	3.978759	18.304566	6.6351049	17.0813951	18.9502718	23.0253493	14.5884564	12.4861934	15.5472306	8.9512415
10.6845349	12.0439186	13.734521	14.115498	16.8339779	3.8703687	10.4915284	8.0046196	12.1833685	12.13159	12.9710086	12.3091817	11.8190843	11.9555686	8.9881706
10.6163062	4.0266911	22.0714661	19.4977849	10.1582197	11.8473309	22.0755022	6.2512926	14.7330554	16.3994904	18.4087068	15.0112556	10.6413239	21.8833961	4.0266911
11.0041403	3.8882116	21.7855583	25.7298122	9.9196247	3.8882116	25.4902832	8.8271789	15.8679708	13.2379774	18.305307	11.5449669	10.161907	18.0302507	9.8301425
3.963714	12.3518591	21.2827866	14.3684491	3.963714	14.0585979	16.0916106	9.6799231	14.2784548	13.5911899	23.8697578	16.6252553	11.2657419	18.3440978	9.5079789
3.9043382	11.3926608	12.9258469	13.7659311	17.1597163	11.5583024	14.2035664	11.3945468	12.8574819	9.3473513	14.3824174	10.5656015	13.7138502	12.2978324	9.781496
16.4117593	11.609072	21.4552401	15.5546755	11.5015628	11.6137217	18.4436834	7.6497686	13.3451281	11.9999364	19.3206643	12.838475	11.0175812	14.397923	11.6752231
3.8192448	9.0331327	18.4796979	15.2119038	11.7551972	13.5903009	28.5496489	7.7972747	13.3408059	14.3610066	17.0304673	12.5655428	14.0705984	19.6498304	11.2752447
21.2985418	11.2899926	23.1636071	26.133915	11.3724997	10.901016	24.0301762	3.9487969	12.8410152	14.8714702	17.0740675	10.5260932	12.4050411	17.1521766	3.9487969
19.1081555	13.1231801	20.2803443	15.2514638	10.9471047	11.6058564	18.9736768	8.9945559	15.4611176	17.7694123	18.2690402	10.8752492	9.9750348	21.6879769	8.8676697
23.646358	12.1585298	24.7032533	21.5588654	10.4068753	10.9740551	15.606316	8.7310135	14.6184328	27.7565294	19.0445992	11.7946878	16.6899564	25.6797372	10.2802354
22.16651	12.475157	28.8198395	22.2737545	9.6991447	10.1634159	22.3907039	8.2188704	13.9742343	19.169239	16.7710507	13.7262957	13.4512222	21.5389598	9.8038787
26.6841039	15.0652934	42.0870654	25.1447585	12.5463223	12.6279487	21.8622293	11.7878794	13.2782236	21.0246346	18.0756811	13.7335475	13.8997025	20.5211528	10.2334128
33.5202794	13.0519463	32.8538249	36.0406543	4.0509427	16.7056378	23.6833011	9.6073087	14.0421905	13.6190547	20.4899438	12.2618307	13.8714694	37.4753196	8.3386141
18.2688989	12.5991785	21.7564064	16.4924581	11.4756658	3.9332704	28.7381816	7.2279364	14.7117499	21.8010378	18.9462134	13.732215	14.1806484	18.4403452	8.9211977
31.2766784	14.8705668	30.6171138	33.3207755	13.1799766	3.9681509	31.5960853	12.8190485	12.1305006	14.1974713	18.5565678	16.5230901	14.2842659	21.2217881	3.9681509
16.1556042	20.2492997	32.7929008	15.7645988	16.2108161	20.8891357	25.5214162	10.1100443	10.949276	27.7220724	22.3634771	11.5209418	13.7475161	25.6825128	16.650212
21.7712162	14.5190056	24.9584001	32.7844256	10.8855715	12.3827635	14.8390474	10.1446302	14.8438852	16.705774	16.2133659	14.0724466	14.0460611	20.5366848	10.7416407
14.9122644	13.7820045	18.4510363	13.430153	15.8080111	12.3314297	11.7141346	6.3538251	11.3808903	14.0152528	15.8827431	14.1635116	14.8514025	14.0677427	9.7767188
13.2360721	4.0625393	22.2181665	15.8675131	17.0461154	4.0625393	18.7563792	9.1511121	12.7385303	12.0213152	17.9251102	12.5398874	13.2646945	15.0255256	12.1355226
17.6266167	9.6914448	16.0148107	13.9014984	14.5938023	13.6619757	11.7192705	9.3814683	13.8242937	12.6838691	16.1358036	14.7308967	13.1115955	15.4346004	10.4372923
12.4002299	3.8335328	15.1879792	11.9261037	13.6207898	3.8335328	19.2646765	9.5211871	13.6570857	14.5166472	21.6383052	13.7713529	13.5293641	12.6053595	3.8335328
15.0985988	3.8559137	11.7537283	12.9411023	15.5068492	10.5393367	11.3828711	8.7458621	14.0258058	13.9474482	15.3819501	16.3475744	11.0783078	15.2073999	3.8559137
15.4092704	9.6406352	16.9836564	12.7030884	14.0666645	10.8555309	21.4734592	3.9052513	12.3291514	10.3560117	13.7250069	3.9052513	14.5749488	15.9712685	10.492872
16.8441298	10.2897701	14.6440509	15.4109967	15.6637825	3.8333249	16.0729375	5.6633023	9.7806163	12.4642988	14.1372432	10.0970844	15.6128744	19.8069324	3.8333249
13.747459	3.9290268	17.0715571	15.7576281	17.761571	16.6732295	11.2988781	8.275502	13.6243111	11.4658689	18.6967989	14.5302234	17.0644311	16.3878469	11.9740652
10.8217931	3.9509376	10.3930222	14.6381103	16.131081	3.9509376	13.3399941	9.3464454	11.5711582	13.5832288	17.4345925	3.9509376	10.7823077	11.4274167	9.1525254
15.1171386	3.9129715	15.5388454	13.3356599	15.7895817	13.6859466	24.8410301	6.8958606	11.3473992	13.0902936	18.1499787	10.8473947	14.3275859	13.2291474	3.9129715
12.5325273	4.0351325	16.250452	15.4229702	18.0483921	4.0351325	25.8668361	9.223163	11.7089038	9.4903583	19.3757759	4.0351325	13.4229059	19.2405557	4.0351325
13.5552091	12.0892544	13.8789925	19.3470504	8.4141652	13.3018697	28.0277752	10.0094586	11.8385681	15.0466147	15.93074	10.4254077	12.7511183	14.6631157	12.089483
14.9372084	9.6422009	15.4239425	11.8355896	11.8608862	3.8408029	14.8770556	3.8408029	11.5325107	13.3541806	17.7418871	11.459447	17.6843606	16.0726439	14.0700247
12.1277041	13.7347178	10.8805951	13.9723136	8.9492003	11.8858943	3.5848956	8.9512597	14.6223162	9.8608764	15.0067642	10.7229227	11.8360837	13.3415532	9.8167918
10.5898112	12.3033677	14.747126	8.4164871	11.0022319	3.6700922	14.38206	3.6700922	13.0066291	15.5722866	21.6010821	12.9455112	12.5526465	12.5479614	10.893328
12.3712662	11.7908654	18.0641444	12.1051971	11.4966731	3.8713533	15.6591216	9.7813118	13.1196186	13.7381803	18.3525474	14.9403205	8.51107	12.6685465	11.4090628
16.3680395	9.6900736	11.1087282	9.1461357	10.1836435	3.9094803	13.8259395	7.2752185	15.0072652	15.4000386	16.2881905	15.3194378	9.4203888	11.062085	3.9094803
12.8368639	12.382534	15.2594318	12.3664582	3.757128	3.757128	34.9766227	7.8587147	11.7327827	12.4008535	15.2603195	3.757128	9.9242845	15.2170276	3.757128
3.8304659	9.676958	18.6345346	12.6918934	11.4110053	3.8304659	31.1630337	9.6747681	11.9104441	11.8980339	19.2884234	10.7993281	3.8304659	13.5961604	9.4099473
16.1703055	13.6001935	18.8145015	20.3613105	10.6211708	3.7436227	17.5784902	10.570826	11.9030454	12.2232847	15.3057139	10.7716579	12.9989978	14.4228986	7.2160613
15.5079597	12.5712135	9.5235018	15.8624089	3.7730861	3.7730861	27.3786178	6.9140226	11.4961769	10.4554998	16.5795627	10.709872	14.5263452	13.4679721	11.0561665
11.7630209	10.4415494	11.5432016	16.4584142	12.8391949	3.83182	36.5939216	5.0512898	13.580505	11.4647988	12.7134638	12.1656869	12.2327321	16.938301	3.83182
14.0965404	15.4566116	20.8532778	24.75903	14.5335192	11.2157008	25.6090092	3.8384825	11.2236691	16.1832778	15.5512322	3.8384825	12.7577142	14.8391983	12.8456091
20.3784323	14.2770726	22.8814123	34.8807928	12.8141695	11.9512246	28.7398631	3.8063805	10.7893422	20.2990556	12.3863221	3.8063805	12.0056291	18.3098079	11.1256381
3.9317498	8.6504386	18.4707791	15.6125431	15.0459793	3.9317498	22.6110537	3.9317498	12.2312769	13.8523425	19.5911867	3.9317498	14.4964228	18.5488288	12.9526899
22.6294299	14.7036394	19.7795822	26.0847866	12.0999364	22.1671307	16.9433749	9.326019	12.9598906	12.5673221	17.1147747	3.7666493	16.1137798	13.4394495	12.9359524
22.6554389	11.9763303	26.6361411	27.7975044	11.1010288	3.6962279	16.0819111	8.4742966	13.7502904	13.1819714	15.0413332	11.8896575	15.3864677	14.5083765	8.6626039
16.7193444	12.5588518	17.6189305	18.5095749	10.5234963	12.0378258	23.4601648	8.3934883	10.8789695	11.371787	14.063667	10.5832972	10.2251461	14.7254229	7.9288736
17.7204887	11.4556125	25.6248428	27.135417	10.9080747	3.9193463	20.0069747	8.3030478	10.8679606	14.841481	17.3492377	3.9193463	12.661335	17.8181617	12.0311336
20.4580073	11.0879316	16.195576	21.9118944	8.741137	3.7297671	16.909373	8.0586762	10.1506948	14.5620784	13.7292677	3.7297671	11.6917459	13.4534282	10.4472935
13.2687274	9.7167113	18.4641528	18.4436805	13.4374928	8.7769276	19.2959149	3.6894055	10.6979845	16.0464224	13.9892075	9.0030063	12.3679993	16.0407286	9.1511747
11.6585474	11.7855394	12.6826987	12.8725239	11.571681	3.7836883	19.3778789	9.9322562	12.6042553	12.6768489	17.3123545	12.0623077	14.2307769	12.4659232	3.7836883
18.8371903	3.7960304	16.2185998	29.5413469	10.617666	3.7960304	23.8284801	9.7880922	10.9826802	14.7590988	16.9614831	11.9505863	12.0605915	14.1057482	3.7960304
14.3254285	11.5825809	16.3238765	18.8615399	11.460194	3.6129833	27.0713778	8.9709352	9.637625	13.7882649	15.0053053	9.9801126	11.8676169	16.5446118	10.7096964
15.9823657	11.7200038	18.7660929	22.8613433	10.4857622	3.7633304	13.6185407	9.326614	9.877438	13.128512	15.7429674	10.2465948	11.8284326	16.2984401	8.0132652
19.655652	14.2625462	11.8388245	20.0755209	11.9905547	3.8334587	25.3262963	5.7206222	10.8196046	11.2229844	17.4561559	11.3257967	11.9047866	13.4967922	3.8334587
18.1773158	3.9737788	20.0124478	24.2582701	14.6590633	3.9737788	30.9181699	10.5973978	15.9823798	11.5571489	15.2587526	3.9737788	13.4099463	14.0799938	10.9502168
16.5797797	13.2970497	16.6396316	18.7016704	12.4114597	3.788473	18.1538931	10.1634524	15.3366424	13.6664355	17.3753387	3.788473	12.7858989	15.6580866	9.2497308
23.9307274	14.0014271	17.2782029	29.4682591	12.8509636	3.8016353	33.5089079	9.4875614	10.0281926	14.4351853	11.0192422	11.3795459	12.1536188	17.6345901	14.6906729
10.3353604	10.7673396	17.1895292	12.3406644	9.6468452	3.7565099	27.9369403	7.7773987	13.5359955	12.5973039	13.8858291	12.3900257	16.6641743	12.2909613	10.0710501
10.2394878	12.976511	14.7916815	13.3335546	8.4954221	3.7327641	17.6118571	7.3025911	14.0367683	11.004688	14.6048648	10.5165222	10.7342323	16.15304	6.9115029
15.9329462	12.5748024	17.348642	16.1632461	13.0334304	9.298304	29.0916824	7.3791346	10.3116329	14.4388792	12.9040369	7.7156015	9.4186297	14.4099015	10.4872005
15.1180897	12.3468283	16.9477363	25.5990169	17.3751258	3.7524823	34.0187232	9.1820576	12.7616949	14.7177673	16.6811284	9.6894852	12.7796906	14.2096847	3.7524823
14.9980819	11.1399679	17.2977135	17.631044	10.6277568	3.8447269	21.2390429	3.8447269	10.2761949	15.0757248	16.9187155	9.9824937	11.3428816	13.8959036	3.8447269
11.8679495	13.1258907	13.5883911	18.4312055	11.6277658	3.7026101	28.1070772	6.5577628	12.7698705	12.5632613	15.6403433	14.117187	13.7901734	15.0153969	11.4845545
13.4140248	10.4736567	12.4325046	14.6255005	10.3336599	3.7201667	15.4484342	6.7355571	10.8037202	12.2968115	15.4163262	3.7201667	11.3773359	13.2254933	3.7201667
16.9811506	11.6782188	16.3060621	18.5192942	9.9081536	3.7980197	21.8352415	10.3178442	12.0781934	15.3552652	15.3727136	9.42729	11.132392	14.5890022	9.9707346
16.6322227	13.1778023	20.4427545	19.1055667	10.5926126	3.8028118	30.0995238	6.2473099	11.5532135	19.6845328	15.9882032	9.9429526	13.0708803	12.7790296	8.9610875
21.4724055	11.4326171	18.1992585	26.9724523	13.4977586	9.5870958	37.6639413	9.8175056	12.5146536	24.1614006	14.7410102	3.7436028	12.0077906	16.8924118	11.7245495
13.9217699	3.8358883	26.6957924	12.3249102	10.1189657	11.6019958	37.4631404	5.919822	13.2821152	12.0395309	15.181379	3.8358883	12.8273126	14.4091165	3.8358883
12.5194436	11.1546669	17.4460277	14.7359597	11.5915566	3.7474457	22.044649	10.2686748	10.2715473	12.678534	15.1233551	3.7474457	10.3574691	14.2004192	3.7474457
16.8969719	14.7209439	13.3241313	21.4264453	8.7302042	3.7734195	27.7800537	8.8784535	11.163768	14.705632	14.8133843	10.7794528	12.1989132	13.8644206	10.0492731
14.8347491	11.7068898	15.5146587	16.6255179	12.9159175	3.7720436	16.4329563	6.9614934	11.1472169	18.3895508	11.5298172	3.7720436	9.6988596	13.324196	3.7720436
11.1894684	10.7650014	24.5990031	13.2754158	12.6614375	9.7314123	18.5497045	3.8891835	12.1010887	13.5424009	14.1372539	11.7443124	13.830376	13.1719253	12.1228614
16.1103876	12.1703991	19.4502943	21.3813213	13.4306475	3.7176152	21.495857	10.2489642	10.4973248	19.1952505	16.1267911	8.2731442	12.1936116	17.1169236	7.7737494
16.0807865	7.9528214	13.2946399	16.1226123	9.6453405	3.7749815	23.655855	8.7980697	11.2260437	15.8465136	12.4049443	9.9470793	11.7329143	12.9705963	3.7749815
18.0122271	11.7915966	14.9173094	27.2045034	11.882146	3.8907902	27.2711821	10.5798745	13.0335882	12.0089217	16.5524265	11.9774075	13.4309579	12.0984716	3.8907902
14.0342784	13.3406301	17.9142017	13.8602184	10.4036156	4.0824284	16.2825549	8.1512537	14.4106138	17.0684997	18.8239268	4.0824284	12.5119968	12.4338466	10.3371045
12.2789564	11.599937	16.0715344	17.9924659	9.0655756	13.9922488	23.0828754	9.124441	11.2278948	23.0033453	16.8720551	3.7828823	11.3807539	17.118478	11.8464956
21.1782452	3.7191447	11.3302778	31.7351681	12.386795	3.7191447	23.9105628	9.4224209	11.7436445	9.3000637	16.6509413	10.2773151	11.1980283	13.4787661	3.7191447
16.9023066	10.9931623	20.9477793	21.1447821	11.1404165	9.0197901	35.4809278	9.8395306	11.1653837	17.3573799	14.8818115	11.2249198	12.2159075	16.7229386	8.0369607
17.5865994	9.7662326	18.6770469	13.2195744	3.7747746	10.0680441	19.9709441	7.995629	9.5381229	12.4883749	15.3224625	9.957168	12.5645477	14.348101	9.6986136
19.7161717	3.7991933	20.35875	21.5329609	15.5259572	3.7991933	40.4200322	10.258063	10.7605551	17.7033502	14.3162183	9.8539206	13.3885454	15.950195	8.3659295
19.6607245	11.9925333	22.9278221	33.177785	12.7808547	12.7861296	25.4751322	6.580519	10.4117187	18.9703272	14.5228919	9.9841565	3.9242339	16.77874	3.9242339
17.7575111	10.9090841	18.6858379	16.4991173	12.5847989	10.6085916	24.2508357	10.0218894	15.9989496	12.0578156	18.4401942	11.1231372	13.7843093	13.8390828	3.7383559
27.7804029	11.8166368	31.7400724	19.927444	13.5517955	4.0594403	24.391943	9.4672628	13.0437927	11.305657	17.2714663	13.2663103	13.3872318	14.3328116	4.0594403
14.8246659	4.1297766	24.4832795	30.2097928	12.0259179	4.1297766	33.7893015	9.5185159	15.0985727	10.9497512	15.2501066	4.1297766	9.3884764	15.4628809	4.1297766
26.637411	9.7983408	31.5812389	52.7314481	4.0981244	4.0981244	16.7011627	7.5515288	11.8284374	12.634858	20.1920403	8.232862	12.2881769	14.0113283	4.0981244
11.44606	4.230077	12.4245289	8.140996	11.8061869	4.230077	21.6758018	6.5431435	12.857804	11.0870018	13.3302776	4.230077	11.9365665	13.3711409	4.230077
20.7077614	11.519555	25.7049531	14.4725804	10.7639225	3.9775596	19.0827183	7.4294484	13.3746135	11.8272724	18.6110715	12.8960229	11.8046261	14.6174898	3.9775596
11.840305	10.1153582	16.3253946	13.9193068	9.4966702	3.9149759	12.4756052	7.8194984	16.3197524	21.8222224	15.8537428	14.1404069	12.3851012	17.7523473	11.9602489
14.6562251	3.7456699	16.7047994	13.6818181	17.7608569	10.9374485	37.3037993	8.1987911	12.8301205	10.8123478	13.3080971	9.9326392	14.5305639	15.7911784	7.5066402
12.8116899	11.9635792	24.7809013	20.4789423	10.7131746	12.903219	19.1683982	8.9634835	13.8196745	13.5585367	17.5397929	13.9768208	14.1660597	17.5363783	10.3151578
12.6404755	15.0466966	9.7711351	10.029365	8.4019798	3.9618579	14.8568582	7.4152849	12.7875875	17.452648	15.373158	13.7067798	12.5843332	10.1134516	3.9618579
3.8340851	12.5895575	11.4210076	3.8340851	8.9046816	10.3231373	18.2582399	6.7095455	13.4714147	13.086779	14.4424824	12.733293	12.1901618	10.2429378	11.8023584
9.1359197	14.7493386	13.3319708	10.0562407	10.8386775	8.4588229	16.7564317	7.419068	14.8106616	22.1049034	16.1143759	16.2669914	12.2086618	12.6402702	7.443427
12.1530353	10.4849298	3.891923	3.891923	3.891923	3.891923	12.4778281	7.9790749	11.0428557	16.1853973	11.675687	10.8020259	11.6566106	11.9746113	3.891923
10.2261072	18.537326	12.6809674	12.0372823	9.7179176	3.9100301	17.4380559	3.9100301	13.592606	12.6373161	13.6786424	12.7662274	9.784451	3.9100301	3.9100301
13.3220266	3.8089585	17.1443714	18.6283605	10.9916942	10.5884833	18.1267678	3.8089585	11.6074226	12.3514677	15.2729105	3.8089585	14.7583079	15.8850382	10.2109836
10.8708963	12.6106113	3.8536884	3.8536884	10.1923097	3.8536884	17.737956	3.8536884	15.7984871	16.4794562	13.460053	12.2301957	12.7110382	11.1725176	10.1441906
9.2088896	15.2670329	13.6586234	10.7349434	10.105081	11.4069688	14.670435	7.7480797	13.9779263	21.6091239	15.9273011	15.4904841	10.7770359	12.1026613	3.8393486
11.106674	12.2437288	3.7729125	8.4115512	3.7729125	11.2487708	12.2012218	8.5264019	14.398242	13.2229397	14.2313127	14.6806894	12.7505875	13.4389416	13.0941326
22.1635511	12.170821	20.0220354	23.577252	11.6567221	11.9345179	25.0695587	8.1093725	13.8602291	13.5703323	17.9786818	13.0147522	14.7503546	15.3459464	9.5124267
10.8234264	8.9600559	14.8028765	19.3381022	12.6392183	3.8432377	28.2851695	3.8432377	10.6515283	10.7195672	14.0083162	10.880204	12.1522005	13.0212726	10.3532335
13.8096204	11.562696	20.2209049	33.1806817	12.6720823	11.5655399	20.6942036	8.5110313	10.1573807	10.632173	12.7737404	10.0090064	11.9341304	15.0984548	3.9601895
15.5900822	12.9303508	10.8184045	25.7665523	9.9206508	3.8777224	9.6586166	7.5274237	11.8882911	10.340651	15.6540674	10.3173611	12.3362296	10.3950107	9.6243902
21.508344	10.9473211	28.4726796	24.6014743	12.4249011	11.4001484	34.9961818	7.8221028	11.4429414	12.462419	15.7120141	10.7844009	13.8760941	15.433317	11.2036768
10.438735	11.0950185	20.4408079	11.3421522	11.3986674	4.1115378	14.0231234	7.3126178	16.2325198	12.9365865	22.059662	11.566485	10.0289278	15.6751953	4.1115378
3.7967005	11.1110324	14.8336168	12.8321031	13.5095494	9.7697628	3.7967005	3.7967005	14.0373538	13.3036962	17.6646125	14.4797975	16.6958945	14.3978591	7.3388951
16.9054098	10.9343321	18.0661294	16.2470112	11.5416613	14.6455978	15.7678072	8.975384	13.4889628	12.8545424	20.1528658	9.0937139	11.0996564	13.3321418	10.7890976
13.6319476	12.6051418	4.2223937	4.2223937	4.2223937	16.9219414	17.2725172	5.5333926	13.5521232	11.0896216	14.8380903	15.0430127	4.2223937	13.7827538	4.2223937
4.1664626	4.1664626	40.6429327	18.1332338	16.606311	10.8736427	32.5968797	4.1664626	20.8715691	13.192124	20.5597025	14.0402959	12.4186867	17.0703997	4.1664626
17.5013011	3.7222922	21.078809	19.7133271	13.0610969	13.034415	23.3090457	9.4090108	11.0751553	11.3247805	13.4097434	3.7222922	9.5490238	12.4837455	8.849865
22.3021582	11.7839785	20.8673021	28.2464238	13.7632021	3.7284316	32.3321179	8.2922731	10.353254	15.1749078	15.1510931	8.5870699	11.7270487	14.1027184	8.7107664
4.0129723	4.0129723	12.9522539	11.9840012	12.7727993	4.0129723	20.7448861	9.3260894	16.6509365	12.6876881	19.3029063	14.1003967	11.4540269	17.0301886	4.0129723
16.5624215	3.9705444	36.0254686	18.991099	14.9429483	3.9705444	36.996634	8.7872289	14.4021611	10.8376303	19.8683613	12.1050486	10.6342645	16.1329951	3.9705444
4.0499986	4.0499986	23.098358	16.132844	12.54601	4.0499986	15.0348243	6.9565203	17.948539	13.9522259	24.2885537	4.0499986	13.589325	18.130555	4.0499986
19.7750988	12.1601184	10.3714838	23.2106773	8.6127422	3.8185485	15.6551362	10.8478206	8.2452881	12.6782988	14.9342984	3.8185485	3.8185485	14.0552731	11.9639033
4.0100639	12.7471674	17.2573089	14.5133694	12.4042444	4.0100639	25.9447646	4.0100639	18.8868589	10.8404363	17.8626568	10.6430444	11.1549078	16.2552326	4.0100639
11.8395204	11.6830093	28.6207936	15.4311962	20.1479711	4.1536583	40.0282342	8.2040072	14.7322794	11.9096412	20.6580979	4.1536583	8.2704825	25.995087	4.1536583
11.3456783	12.6892793	21.8617225	13.7635217	16.6960014	3.8934697	32.1067422	10.3419278	12.6545518	12.9341371	21.7720034	11.4938211	8.4320973	15.9597971	3.8934697
14.8738949	12.003096	29.4693513	23.5529483	12.0788644	12.2631641	34.6003194	7.7775224	14.0533955	12.0554238	19.4283926	12.6579982	9.3897953	14.1730059	10.1649914
17.1787699	10.0777892	20.5327966	26.4649634	10.2048215	13.1472908	14.6859977	3.8741444	15.5918417	12.9542884	19.1767603	11.1846803	11.211594	16.3404666	9.0444349
15.898944	3.9812122	25.796712	12.346371	13.1305809	12.8710524	14.8190014	8.9801744	15.9661748	3.9812122	20.0485978	3.9812122	9.9744881	14.4969171	8.0634832
4.2637137	4.2637137	20.8933331	16.7074549	14.8661015	4.2637137	30.3852359	7.9003885	17.138455	4.2637137	18.3951098	11.7763528	11.3764756	17.2286137	4.2637137
12.1481931	4.0159161	18.2681292	12.167298	13.9960076	4.0159161	20.8019184	4.0159161	14.5881068	9.9457109	20.6789057	4.0159161	11.908876	19.9328036	10.7321603
14.974265	11.490861	16.3814529	16.5356166	11.5476356	3.8191029	18.627128	7.373665	8.9619476	16.8339283	14.6759425	3.8191029	11.232503	11.0353437	7.1558858
14.6080704	12.5593874	18.7127879	21.1166455	11.5741702	3.8529552	17.6804609	6.9137198	9.1905305	16.0665512	12.2208347	3.8529552	13.1453974	14.1618045	3.8529552
4.1117362	4.1117362	23.335764	14.941951	13.2653004	4.1117362	13.4723744	4.1117362	12.8958429	4.1117362	17.5056614	4.1117362	10.6358344	12.8432373	4.1117362
18.1334396	10.5687243	31.2185127	25.7376379	4.0795346	4.0795346	4.0795346	6.7447431	10.2964248	4.0795346	16.8667762	4.0795346	8.4496317	12.3359319	13.3131614
4.108849	8.7640855	18.849768	14.9109831	16.3534693	4.108849	27.2937717	7.3024958	14.7167078	15.8930586	17.6919421	11.1017853	9.4821468	14.5398342	10.8980722
21.5884108	4.0962758	12.8292341	9.2053562	12.7765922	17.6148387	19.069213	4.0962758	13.9717446	15.2658549	19.3107374	9.5846131	10.6099332	10.8262236	4.0962758
3.9758542	10.4703563	17.3998914	12.8942389	17.0797623	3.9758542	16.7840851	6.9301915	14.051031	12.6742296	19.4254466	12.9783277	11.8871202	13.100896	3.9758542
11.7375867	10.4428386	16.2513181	19.5599397	10.5790457	3.9058207	14.3960335	3.9058207	11.8517042	14.0468195	16.3258504	12.3456445	12.1545979	14.471396	3.9058207
16.9145276	13.7397197	29.6183854	20.983704	16.9568608	22.2274752	16.6520299	3.89233	12.4874507	12.7565779	16.2333881	3.89233	12.361771	14.1011387	13.053787
19.4000145	11.3003325	16.8832483	19.6492041	19.8700809	21.7590656	22.9350356	6.7871059	9.9766085	10.0868112	14.4632723	3.9270425	10.4780502	14.9442078	9.3029496
10.5046763	13.0266912	3.9176542	15.7458952	3.9176542	3.9176542	15.1243646	3.9176542	13.1342386	18.4179921	15.5456524	13.1816737	11.9684086	10.7751121	13.1819635
3.963044	15.0166694	10.0720199	12.1580481	3.963044	3.963044	17.0027662	6.6877045	14.1955305	23.7106841	14.43081	11.8579858	11.5182054	12.1107021	16.217859
3.9732862	13.4255741	3.9732862	17.7108596	12.1257461	3.9732862	16.1187011	3.9732862	11.5910418	28.2176835	20.0663973	13.5225039	13.059091	12.6361466	12.8514387
23.0620878	10.8294301	64.1910993	26.056376	4.0295175	12.4681603	42.5422163	8.4726871	9.756494	15.2698016	16.5963134	11.5350702	9.7439274	14.0203022	4.0295175
15.7872983	15.08659	12.1025148	21.0149761	10.1614636	15.0066314	19.6608464	3.8599347	12.6423287	19.6571465	13.0800841	11.5977947	12.692623	13.0073067	15.1535012
11.3340939	15.301335	10.9252513	14.5239512	9.5968312	10.6141876	18.8757088	7.2838446	14.7959293	19.2780288	16.665286	11.4831636	12.277961	11.9417458	10.6696275
14.4702964	13.5918057	3.9936664	8.949041	3.9936664	3.9936664	11.8415829	8.1998632	14.0457269	15.1587976	16.2618013	15.8834437	12.5013392	11.3911595	13.7786205
13.3520413	13.3765123	16.3003972	21.3902869	3.9782356	18.9274175	16.9338143	8.7876957	13.7820472	15.198021	15.3962031	11.4842901	14.0412056	13.8931587	13.97396
13.6993612	11.267743	11.2007932	19.2107874	3.9108104	3.9108104	15.7597431	5.0973975	15.1480237	16.3433617	17.9165429	12.3444144	10.8854173	10.7062093	10.5675773
13.9966799	14.1586025	14.003162	10.0686187	10.2315033	10.9276644	18.4193341	3.9177233	14.6912619	26.458402	16.1352151	18.0751439	8.2756231	13.1654642	9.3978987
9.6414257	10.8798068	15.6062735	19.3401746	18.4864647	10.2682302	21.0750259	3.869418	17.5509829	15.4670945	15.7954179	11.5631665	10.869427	14.2328939	11.287662
3.9860799	11.3012933	9.7676943	3.9860799	8.2252059	3.9860799	19.5384737	9.0557696	13.3198678	13.4917015	13.6848356	11.438912	9.5780465	11.0856134	12.0223574
8.994313	14.3123095	12.5191628	15.4713099	10.4553405	12.6152234	18.2329387	3.9231394	12.0799861	13.3912738	16.9925543	12.607792	12.3967803	11.2844374	18.298992
12.0726333	14.6190338	17.3776941	33.1045682	3.9867393	21.1779104	19.2012922	3.9867393	10.7346886	18.9439441	15.1105348	15.4972017	13.3074439	14.4692782	14.5277674
14.0560205	12.5872514	22.308639	14.890702	17.5931993	13.0409172	32.959183	10.5414752	15.9961153	13.4666534	21.5117308	10.2838153	9.0437069	16.5652256	11.9740223
7.636368	14.5378974	13.9859574	16.623114	9.7067751	9.5940382	27.2326964	8.0626344	14.1306036	16.8031013	17.3689933	14.8186579	10.9817168	13.5466005	10.8348135
12.6004882	10.8625389	3.8715486	10.0023512	8.3868067	3.8715486	18.2872084	8.4563119	12.2854164	18.6887698	18.045238	12.4371482	12.6663022	12.5912691	10.5786394
4.1992166	14.74777	14.0586159	13.499083	4.1992166	14.9683025	11.4048232	6.569959	12.5134075	17.2068086	15.5224286	14.6505194	12.5703363	4.1992166	9.1189548
12.0400742	11.0376569	3.9374118	12.1590017	3.9374118	3.9374118	17.6686384	8.3524198	15.7838947	19.6574447	15.545193	16.755501	12.3293309	14.467393	14.332733
28.4021597	17.5514633	29.719895	34.5834743	10.1774768	4.0065043	34.9269004	8.0099999	11.2910452	18.8392232	20.07519	10.2629284	15.9447992	13.1153401	4.0065043
18.2074626	11.0114952	19.1192667	16.7686056	10.8385939	3.827885	27.1058233	8.1826412	11.4573328	20.5181591	13.2546225	10.1505725	8.9724846	13.4419143	10.5539726
11.7609688	9.8074806	13.5460739	13.4403403	9.6647132	10.351449	24.9161098	8.7059707	14.3699709	18.2757988	14.8683152	18.1141117	12.5644346	14.8020827	9.2287073
13.0636849	12.9058386	24.5859068	14.9037891	12.4021267	3.9891615	22.8849108	7.0193966	14.4308242	9.199907	15.1320478	3.9891615	11.4418341	17.5554662	3.9891615
18.132431	12.9175259	27.9828492	29.7059329	15.5395565	4.0044653	39.2288433	7.3942661	11.2073892	13.3524323	14.4720605	10.4104776	11.5753167	11.4741078	4.0044653
16.1383915	8.2833019	10.3357005	7.0611779	10.9112427	9.2077299	13.1012004	3.809997	13.092048	18.7188909	15.275566	13.9080751	12.7909707	13.2916344	11.584069
22.4137112	13.1191574	24.4788575	11.1511535	10.4483139	12.4931864	29.8982409	8.6344503	13.9157399	14.5249342	17.2212727	14.3738666	13.785429	18.0762883	3.8640608
18.3662615	10.9188007	13.5746852	36.6127141	13.4485862	14.696422	17.8057584	8.5988867	10.498562	10.3853128	12.0387056	3.976965	10.207818	12.0650845	11.1713235
4.0647305	4.0647305	27.1088522	12.9875615	15.4090421	14.7983427	38.1729687	6.9886807	15.0178292	12.2610653	13.2549215	12.2741657	11.7563955	11.9258682	4.0647305
10.9190768	12.6594036	11.1657711	6.9094948	8.1971325	12.0915288	11.1470568	8.3642958	12.4559485	15.9067797	14.2622161	16.7696975	13.3270172	12.4934575	12.5434578
10.9157123	12.2891538	3.9184377	3.9184377	8.9582248	10.4032322	14.3247224	6.5071664	12.8618925	16.0256543	15.4565796	16.5919749	13.064665	12.5132473	13.200456
13.8362211	12.6405198	11.4428863	10.1107318	3.9429841	3.9429841	13.4631334	9.1798796	13.8728772	15.3647704	13.7322872	15.1774715	13.6646981	13.3372505	10.8715093
15.1449037	14.0140938	3.9209933	17.5372732	3.9209933	3.9209933	17.3724495	8.9615053	13.1948363	13.7036721	14.8765796	13.32167	11.1349966	11.0397033	11.5547983
13.7629364	9.8196599	12.524334	3.8909598	3.8909598	3.8909598	16.7010113	8.2006022	11.9065738	14.1601229	14.4497512	12.2706933	12.6426883	11.5628608	12.7661432
11.8848229	3.9277914	22.2916225	20.9637493	16.0049338	3.9277914	23.2136384	3.9277914	13.7279469	12.2429	15.1304009	3.9277914	9.1527101	17.2643767	10.0223171
13.6002655	11.9825964	17.3150939	18.5230197	15.1389874	3.8957349	20.6097868	3.8957349	12.4273578	13.2615368	14.7631837	12.2867227	12.008592	17.0784122	8.6484949
11.5361658	11.9813007	13.1585706	14.1079343	3.831332	3.831332	16.0997168	6.1220862	13.2931155	18.437583	15.2869098	14.6297431	12.5332862	11.7001072	11.1151683
3.8048736	13.027256	3.8048736	3.8048736	8.9458976	3.8048736	19.0300521	8.3984258	14.408571	17.1329578	15.169615	14.6341319	11.4346409	9.6771067	9.7933688
23.7477373	4.0971859	15.89088	17.1130267	20.6196901	4.0971859	33.737452	7.0692572	10.4529231	4.0971859	13.698639	4.0971859	11.1327369	12.380887	10.5609083
16.595681	11.0549328	21.5687765	11.1889255	13.3144137	15.2469219	28.6000368	6.523858	10.5812023	11.2405581	13.5799222	10.7744046	11.022377	10.6790653	7.9763837
31.2716585	12.3951968	19.8312605	22.4368635	12.0846274	4.0159329	29.4807817	8.0798805	12.2640476	15.9900733	14.7099277	4.0159329	11.7936705	10.916209	13.2002524
26.260278	13.3092372	27.1090148	27.3906572	16.3994383	11.1611722	37.031442	9.1860985	10.5161557	14.9273174	18.0497617	10.0518243	4.0471792	12.7618954	4.0471792
18.2123529	12.1094012	12.1073146	13.3344973	12.1650331	3.9282933	17.427586	8.4959342	12.1058691	13.1084221	14.6528239	7.9347835	9.1878456	15.6504034	3.9282933
17.402109	4.1071417	33.5026311	21.2945813	19.5559367	4.1071417	40.943863	4.1071417	10.8583864	18.5004808	16.7609563	13.5738505	4.1071417	16.7602858	4.1071417
11.4852394	3.9123994	16.3141906	15.8217813	9.5407868	8.6924145	21.2318981	5.7888958	11.250456	9.8559531	13.1841745	14.1213935	12.576615	13.9846562	10.0868795
15.0605123	10.4059679	21.1861075	24.8626291	12.036672	9.2517469	18.7782606	8.9956723	12.1332096	11.0458513	13.58742	8.7005607	14.41358	16.0687011	11.1782098
13.7259928	11.4004772	21.4900541	10.579198	4.0826285	13.2283475	15.9717351	4.0826285	11.5629711	10.7249074	15.3261488	15.4127395	10.4815526	16.1196285	4.0826285
13.5005559	11.6262176	9.8840177	17.8180137	11.3807204	4.0369018	16.0940806	4.0369018	13.7505389	12.5661759	15.9531735	4.0369018	10.6317322	13.6075348	10.3427169
17.5936061	10.9627206	14.6464529	16.225227	10.4487437	3.8455388	26.5997742	8.9124588	11.1999859	11.4390515	13.7559482	11.6846847	11.7321541	14.7258417	3.8455388
10.059683	4.117414	16.3484505	20.1360601	10.1975197	10.9215329	19.4799828	5.8726924	11.420934	11.9826882	10.3414387	11.1647141	11.9371713	12.2331671	10.9747286
16.1626168	13.2461353	30.3055455	14.9369282	16.8500687	4.0324228	39.6360216	6.9914948	12.0761875	12.875479	17.7153907	4.0324228	4.0324228	11.1198279	4.0324228
26.8892091	14.5227148	26.1672789	26.490232	23.6216432	4.0499033	18.4472257	8.0639235	16.8714838	16.9872086	12.8370264	4.0499033	10.7516356	12.618103	10.0349554
13.8787675	12.3644196	15.7349423	12.1997026	14.3022362	15.4377456	19.7282793	7.3736893	15.644098	11.4195605	14.9921718	13.3489029	10.5923701	13.6552618	9.8624164
12.1095245	9.9323083	12.9609863	13.3812937	8.6690811	7.7830121	39.0034827	9.8439905	11.3293732	10.8533072	14.3453208	8.8210234	11.8297203	14.6454587	3.8782809
17.5228172	4.2418032	36.4298101	19.6632628	16.4753858	16.0691666	11.0489829	8.0916896	13.1170635	4.2418032	15.3851672	4.2418032	11.1692741	12.1216562	4.2418032
13.1221472	15.0755925	20.5829925	25.8284853	12.1811782	4.1255588	4.1255588	8.9202672	21.5887185	14.1396401	20.7819222	4.1255588	12.0058396	12.7888635	9.8602378
22.7048422	12.909156	52.6307637	21.1057826	16.8488497	14.3675417	24.489641	5.4865817	15.0763941	13.5654584	16.3956016	4.2097643	9.8956589	10.577373	4.2097643
4.2411076	13.0069141	15.2349626	12.2153355	15.8210363	12.0686873	29.7946383	4.2411076	13.0247614	14.9500272	14.6327807	4.2411076	11.1690658	17.1953022	4.2411076
11.8811397	9.93378	16.394911	20.175116	10.1991088	11.6707756	28.484158	3.8599872	13.1703633	11.4069673	13.1735085	12.0096024	11.2730373	13.206245	7.774116
12.6767837	4.1463428	25.5688007	10.176011	15.3686659	16.1177008	21.4782312	4.1463428	16.4963013	12.4306585	21.2277288	4.1463428	4.1463428	20.8586151	11.2247838
25.1101194	10.2920684	21.3741074	35.0963661	12.3054565	8.5250854	16.7896623	9.1967303	10.5465645	11.4770709	13.2988041	3.8443102	11.4409878	10.554058	9.2392909
10.4972122	12.7674728	20.6890463	14.7079028	11.0285801	3.9926982	11.2100246	8.459993	11.7995587	13.0548359	18.1752053	10.4910811	10.5901663	15.0282193	3.9926982
23.8449525	13.5455275	26.1168823	16.0232174	14.6146186	14.0760227	21.3602745	9.5021271	16.7113616	10.3824699	15.229525	4.2278691	10.7180208	12.8967601	4.2278691
4.3255465	9.7347627	13.1545089	4.3255465	10.24987	11.1066353	10.9488894	4.3255465	7.1876779	14.1716844	12.2648678	13.9778337	7.4231732	11.9688068	4.3255465
42.6978019	9.3636826	31.673188	40.8526138	14.1044535	13.4290402	11.968768	8.8033256	11.8351644	14.7546991	14.5490851	10.4192538	14.1203293	14.9993849	3.8928612
22.2654361	14.4991182	21.8413732	32.631614	9.8852901	4.0449491	19.2515305	9.1450806	10.4148069	18.6104075	10.0066454	4.0449491	11.2323885	13.337963	9.3856875
18.5711173	15.2933121	26.3167351	26.4175853	17.2528055	9.6199523	33.6480618	8.1371723	13.5290115	15.783732	16.0822342	4.1710371	12.2493662	13.9420548	4.1710371
12.4489725	10.8928416	15.9108744	14.6231338	10.2649387	3.793799	17.7619767	8.4457854	12.2712583	14.0001208	17.7606336	14.0718255	10.1157999	13.8224337	8.7090974
15.6892114	11.0390515	20.5962958	22.9901526	11.8636266	13.0622764	13.6509363	6.5092523	12.4748841	13.9758538	15.4376568	10.9206843	3.9844191	13.5680408	3.9844191
15.9345475	11.1783758	23.896024	14.9129606	8.8889417	14.6121281	11.8281539	7.6332448	10.6043801	11.0981022	16.2192835	3.8754428	11.3569752	12.57526	3.8754428
20.3817734	18.1812007	22.1819715	24.1104144	4.4852943	4.4852943	16.2319267	4.4852943	10.8846888	4.4852943	14.7212581	13.907895	4.4852943	4.4852943	4.4852943
23.3453666	4.0430451	23.7041831	22.3093654	4.0430451	4.0430451	9.2004782	8.0029039	10.2275816	15.6477293	10.6276841	11.5513404	10.1085976	10.8958051	4.0430451
23.1780576	11.3646122	23.7705479	19.6683633	21.5682437	4.4823824	13.9392105	4.4823824	4.4823824	16.9554727	15.0926099	4.4823824	4.4823824	14.9291024	4.4823824
16.548477	3.770532	9.0675727	11.4016908	12.7070449	3.770532	15.8379776	7.1945548	13.736905	18.639462	16.2061568	3.770532	9.0329893	15.1723042	9.9789193
12.5849967	14.7795836	11.5036421	14.6276352	3.800887	3.800887	22.2873523	8.4601013	13.2657624	15.6909588	13.5953327	12.6817401	11.592934	12.591131	9.3092877
12.5589217	15.5485584	13.2205027	32.0604724	11.5373182	10.195568	21.0458461	9.041343	12.2364154	17.0134526	14.9699851	15.7128055	11.7019931	13.8267201	10.7278597
8.4655298	13.9634662	10.9258314	9.7980334	3.9301951	8.8547435	15.3181359	7.2999371	14.7313651	17.9154622	14.5118136	15.1576295	14.0942021	12.0017167	13.6543815
10.2124961	10.9204735	6.1808672	9.5116137	9.8339981	9.9790273	23.3967574	8.2244931	12.0848355	17.5198689	15.5669672	14.2230978	8.5999358	13.9611588	14.1084095
17.5152915	12.9859946	12.828989	20.6528459	3.849264	3.849264	19.0961506	7.2400165	14.1247329	13.8688836	20.1823038	13.4475922	12.4833282	14.0094096	14.8137749
29.2559679	12.04206	26.2798109	39.7531661	11.6191167	11.7494156	23.0765965	8.1335532	11.8178199	17.0603869	17.2952348	3.9581161	14.518855	11.6995525	3.9581161
18.6138555	3.7676163	24.8554355	20.2618578	10.4768805	10.189594	18.627409	7.6249336	12.0255451	13.3227636	16.7537889	10.5470264	9.2656588	17.1886285	9.8127694
30.6281767	11.0132922	30.9010407	22.0726855	13.6096787	15.9508488	27.7717242	7.6891179	11.7498692	14.3468321	21.7206153	10.2809911	7.316022	15.3396933	10.6382181
16.9404587	9.4714465	24.2216552	22.5969709	7.830463	11.403339	18.7652341	8.324223	11.5773569	15.8356951	17.7451701	3.8021729	12.3230505	14.7683269	10.7540755
22.4042148	8.2202954	15.8067211	26.3154054	10.0708762	4.0635887	13.3889122	4.0635887	11.145039	20.4327516	18.9589754	4.0635887	4.0635887	12.4472952	13.8008258
17.4245682	11.9162426	20.6095734	18.6030532	12.3450076	11.2747455	19.1774837	8.6018317	13.2270781	11.7125426	18.6528331	10.7881518	10.9770649	14.8241728	9.2170643
24.5797455	11.193264	30.3536763	27.4076598	13.6449373	12.4572228	20.2758499	5.993795	13.2960099	11.3731797	19.9001759	10.6273108	9.9132208	12.9920364	8.5332039
24.2400807	4.2949198	31.1536569	23.1152884	14.9974738	15.2487114	19.4899198	7.3208044	15.3407452	22.2796261	20.9110494	4.2949198	4.2949198	15.0876538	10.7398351
26.3716466	9.5242978	25.4908145	21.6343239	10.913823	11.7386434	14.4360269	7.2756973	14.4363523	18.5746225	18.4943461	9.8885986	11.2287632	17.8347112	9.9194288
15.0420389	11.9656128	23.4033908	21.256539	11.783893	12.5269384	19.3671603	8.8510699	15.9742198	14.9856362	19.221972	15.0939935	12.7362194	14.6092919	10.3559354
12.6137273	8.801587	9.6506273	11.8342844	7.1948643	3.7247284	14.9835515	3.7247284	13.0395296	16.2428198	15.8016632	12.3781711	12.7968338	14.6551156	8.8231622
3.9911989	9.5313677	11.4079998	10.4870465	11.0877355	3.9911989	23.1225242	7.6537775	14.0850256	12.3389072	13.9279587	19.0352494	10.8696291	10.4326165	10.2835038
14.0388651	11.6682018	10.7950904	15.4175945	3.6228443	3.6228443	18.9811303	7.3994222	12.0748745	17.0005227	15.8540646	11.1723538	12.6654914	10.3781836	9.2092903
19.4170792	7.6575742	29.4538816	28.3390703	14.0092095	11.0056708	23.0217737	7.8922094	11.7331885	16.2763258	17.5711649	3.8673205	7.7344665	15.1512612	3.8673205
19.1282533	11.6884227	24.9371365	18.1127316	12.9551291	10.5476392	18.8940653	9.3504292	12.2106969	13.3461046	15.234586	10.5197224	8.9326225	15.1009866	3.9132329
17.1152354	9.6121998	13.3091158	8.7353329	10.0900238	12.9852363	23.2419625	7.7550491	13.6900927	14.2854903	17.3888334	12.6322146	15.0894938	12.8882405	9.7175832
8.5400926	9.7795929	10.1434811	16.8967896	7.0371257	12.6893205	20.1077523	8.1249804	13.4511095	13.5190743	15.501812	10.7809704	10.1263803	12.7525788	7.8222055
16.9725724	11.5260266	24.668118	12.1485417	12.3398609	13.7753647	23.618573	10.5810467	12.7411223	11.4225024	13.3103124	3.909096	11.3659997	16.6735325	3.909096
10.2326578	4.1001615	12.0417267	10.0428889	4.1001615	13.0299951	20.8713173	7.5742453	17.4421464	16.8302304	16.7683259	16.8692572	10.6112991	9.9607474	13.9689047
10.8465635	10.0466026	10.3050102	14.6491037	7.6163149	9.7393244	23.3969092	7.537393	11.8242431	12.681855	13.2408572	11.2680173	13.9259566	13.1313859	8.3788786
11.0461966	12.9463026	4.0600596	11.0586418	4.0600596	15.4242557	18.2335588	4.0600596	11.6963014	18.5239486	19.6253373	17.7073334	12.0565172	10.5360912	12.8768564
17.700104	11.1765557	27.486528	36.8829115	12.6913247	4.10903	20.3856885	8.2722009	15.485863	20.1563381	21.6616595	11.1007996	9.6376923	13.8067465	11.0290401
11.0963926	11.7268746	3.8608029	15.4778629	11.2191114	14.9592675	20.3655225	7.1295065	12.1603147	14.6879838	13.9228836	12.4325857	11.038614	11.9333913	13.1084864
16.970743	4.4056769	28.2510117	24.8146403	22.7803943	4.4056769	17.6863384	7.565107	17.5850698	14.5769491	19.522338	11.8399662	4.4056769	21.1641794	13.2413282
9.8034891	12.2196181	12.2248996	13.4739066	11.1522486	11.3387765	14.7232882	8.505637	11.7559188	12.360302	12.9789258	12.9525913	12.0397386	11.0433193	12.2387062
14.8501326	4.1046056	40.377945	16.8382755	17.7685032	16.3905083	17.7192174	4.1046056	11.5111426	9.0431969	18.3544421	4.1046056	4.1046056	16.4910781	12.0792918
14.972195	12.922913	4.0421639	20.3835015	4.0421639	12.6464296	28.4604108	4.0421639	11.0814934	15.710915	12.8255145	15.6016702	11.1776209	12.3762908	21.4092578
13.8616728	10.6990243	10.541803	12.4321709	6.8998269	12.1292713	20.3215544	7.4676121	13.75758	17.0619057	15.1179278	12.1635171	13.7604622	12.6365913	9.4413097
13.6154525	12.2311676	33.8062017	15.267099	17.1698972	4.021071	23.0631997	8.3912653	11.5468833	10.8049173	25.0084657	13.3546897	10.5308795	19.6928306	4.021071
9.5309839	13.4482529	11.8221434	16.1417584	8.50588	10.6000739	18.501777	3.4898443	11.7246114	21.0124764	13.5598875	13.3166211	13.9376886	14.481018	10.9783272
24.3429268	11.2728844	30.9985857	32.6919125	23.7176097	17.3549687	21.3516323	6.971242	13.3523263	14.3332571	19.2215622	4.2427097	11.8196099	11.4487609	9.9452728
14.3335438	11.8894588	3.8547596	3.8547596	3.8547596	3.8547596	23.5620769	9.0077931	12.9152835	12.3727344	20.2353385	12.8067794	13.2702751	11.9026178	10.6081096
10.3901472	11.8264086	19.2984203	11.5870253	10.2138309	10.9708312	23.3139982	3.9344565	13.4540424	12.1072555	15.022854	13.517831	11.2811379	18.9551669	11.7442827
12.9395311	10.6000019	9.8276392	21.0515537	3.7726026	10.4278285	24.8896726	3.7726026	13.9489983	20.9112318	16.530484	11.240813	13.5723607	10.0191107	8.4363035
13.1255643	13.8501796	32.7806096	20.1871301	18.2896836	11.1758018	22.6005447	6.5953269	13.0500148	9.6034277	18.6880365	10.2495994	10.4292355	19.7287466	4.3142517
13.8591172	10.6710399	12.6083128	11.091647	15.4257418	11.0768984	18.8685549	6.4695008	15.1260353	14.3486736	13.1209829	4.0722125	12.2162168	14.789269	4.0722125
12.5673584	9.7249134	27.1224556	15.6777799	11.6321626	11.7127438	19.4370633	7.3794298	17.0297863	10.1926893	13.503532	11.6952496	11.7232326	21.0181607	10.4777431
24.7526338	10.8418767	27.9144785	19.2997492	12.1422193	4.2269443	29.9557686	11.4080451	17.7151727	10.9664015	14.8371846	4.2269443	8.8964512	17.1750374	4.2269443
14.1734573	4.0675707	24.8826067	39.37626	15.3033212	10.657301	97.2511836	9.5675618	23.077047	12.1337001	14.3569314	13.9716828	13.5223508	14.6111299	10.7614009
3.9139118	11.3799476	16.6283597	9.5715341	9.5703675	13.6563366	26.4180935	5.8902622	14.8709203	12.6998942	13.3180955	10.6631895	14.1722786	14.4095506	3.9139118
15.221157	13.1473429	23.742545	17.2972513	12.6359982	4.0078236	22.7441452	11.4025005	12.4567243	20.8387963	14.4851994	11.8522275	9.1870672	18.3106098	4.0078236
13.8676538	15.1801869	13.9858615	11.426715	10.3677257	10.899683	12.1535092	8.0445788	14.3201374	12.6639156	15.8118931	10.0679555	10.5257926	15.7012822	9.6951025
12.8333701	12.4807742	13.2579216	14.079506	11.6569455	10.4241645	19.4683347	7.4405221	15.6237929	15.0242406	18.7041387	10.8922527	11.1352289	16.7091709	9.8604883
12.3516475	16.576596	11.7709948	10.1556478	9.8202004	15.8697538	16.0319397	7.8853388	13.0489994	13.1556007	16.3559301	3.9577244	11.9133105	13.2630742	9.7471403
9.3673956	16.8611678	3.8378965	10.282673	9.3174639	19.9725922	18.6199004	3.8378965	14.8007689	11.7239455	15.3494394	10.0096405	11.7659468	13.2928133	9.1350136
9.4956702	15.649026	3.7763472	9.6736829	9.5938479	12.914655	27.43713	3.7763472	11.6599874	12.8742161	13.6798043	3.7763472	12.969287	16.7601341	3.7763472
15.752611	12.3109463	14.0461849	11.5862816	17.2829439	15.0818463	38.6719485	10.3186006	11.715061	14.8659133	17.3157734	9.7658819	10.5265478	14.1125626	8.9791267
4.3182894	9.5281063	4.3182894	24.7199357	4.3182894	4.3182894	26.2925341	4.3182894	12.4310454	15.4417702	20.849126	20.9226229	11.9021992	17.4099683	17.2881902
3.898236	11.7713824	14.2380385	11.1092247	3.898236	16.9942423	28.246804	3.898236	11.7920449	18.4271733	16.092432	15.3072448	10.6411017	11.4394919	9.8545003
4.0776016	10.7765824	12.8891711	12.2398695	4.0776016	4.0776016	36.4195768	7.9804246	10.6427601	20.8709569	20.4221761	13.130486	12.9424033	13.5474354	10.2800993
4.2300828	10.0328844	13.2168194	14.9838728	13.6263461	13.3761641	25.5035298	4.2300828	11.4941839	14.9684874	18.4797153	12.9329807	4.2300828	12.3072095	10.5967644
12.5137525	12.806527	10.4671605	8.5187611	4.1185364	14.5280349	18.0698692	8.8169848	11.9663692	12.2560697	13.7490249	15.073987	10.9858473	12.6477484	12.7303602
10.6840908	11.2926024	4.1505686	10.3852585	4.1505686	32.835479	19.8036657	4.1505686	10.1496249	11.3075952	16.1952273	12.0883336	11.2180659	11.2308521	13.5517672
10.4256718	8.7410893	3.9931426	12.1926805	11.9620075	3.9931426	21.9178842	6.4942185	12.5434381	16.6595143	15.1773872	13.4509836	10.5722913	11.9902193	9.4635896
3.6890645	9.7892248	9.354051	3.6890645	7.5473579	3.6890645	21.9967386	7.9044482	13.1037235	12.933902	18.103082	12.4586881	12.5378564	13.4644921	7.5133662
21.0999365	12.9214665	13.1948185	10.0893235	12.0934221	18.6942462	26.8957263	6.5539848	11.5492632	10.0658749	15.662301	10.2162482	12.2200408	16.8900458	9.192324
3.9480688	3.9480688	9.9352337	9.1623636	8.112837	11.5713986	24.6830213	3.9480688	12.5468506	21.687367	17.7319235	17.4605523	12.3578505	13.449634	15.6446183
31.3089901	10.1851716	34.7884122	43.3661909	19.8229098	16.2187245	17.4175623	4.1264395	16.6681329	11.0114923	17.2038713	14.6839244	9.4165025	15.0071222	11.7040769
35.6436278	11.2808251	33.9131136	28.2662709	11.9281609	15.8234085	37.2964428	10.0332063	12.2236668	15.1186676	17.5730532	11.5730842	11.7894148	13.4172021	9.9973676
3.9792106	9.5642926	3.9792106	14.3330995	3.9792106	24.4633569	19.6224099	6.388023	11.7314438	16.0920703	16.8258947	13.0972245	9.7125411	13.0636743	15.9068406
4.1861003	11.0147158	17.1904765	21.4705305	10.918514	18.1080345	41.862971	6.762289	12.0351696	18.7965815	14.0405974	13.2434689	4.1861003	17.0282551	17.2369806
17.9838313	12.6333091	13.7092191	20.261145	14.9454779	9.3073593	31.3829622	9.8794568	12.1368055	16.0672083	17.4240903	11.9018635	10.6181691	11.013611	15.698766
12.7338353	12.678918	11.0615084	15.8878593	12.2527049	4.0126545	25.7062271	4.0126545	13.0714848	21.7147342	21.6788463	13.9602716	9.0252096	13.7320879	11.0116525
4.2466287	4.2466287	14.9483516	10.6738019	15.0281817	4.2466287	29.8491026	4.2466287	11.3970611	4.2466287	26.0872874	4.2466287	4.2466287	21.208794	10.6114316
17.4798717	14.2947526	21.4866532	27.9856005	17.0853322	17.9165889	30.4055321	9.2679522	11.3236881	14.3470363	18.0799622	10.4085199	10.8462081	14.9345608	8.6029534
14.5863192	12.4483526	16.9302096	10.5211281	11.0309457	17.0191333	22.9727052	9.3522777	10.8411038	15.9515838	18.3311498	4.0116054	11.5944024	14.8230375	13.7542494
13.7390267	18.3216461	15.1953031	8.767536	13.666609	16.1835349	80.3345491	5.9694009	13.6040984	21.7430172	25.94259	13.2787235	14.8485775	28.2928562	4.0688638
14.4741577	3.9665669	11.6537156	10.6148212	9.531928	11.8992108	24.195861	3.9665669	16.2862563	18.996691	16.2774518	15.7878587	11.256883	11.9769775	11.1101471
14.274378	10.9645646	12.3289886	16.7902684	10.5504369	9.7528502	20.2405443	9.5762032	15.9916941	15.2979469	16.7675826	12.441196	11.0991695	12.9446999	11.6924257
11.4729693	11.8937047	17.4137666	8.4983792	3.9168753	28.3317643	54.5842012	7.1273889	12.2117787	10.7191494	18.841941	13.5207412	11.1612341	20.519945	11.3627329
9.882675	12.2296882	11.745912	10.9027771	3.9487461	11.8838692	17.7343512	3.9487461	14.8069667	18.5838405	18.6068217	15.5987442	12.4173187	12.9670574	11.0984991
3.8308206	11.8693378	3.8308206	8.7731792	9.332315	3.8308206	15.3496915	7.3655336	15.4278609	13.6374361	22.0453186	12.8194088	11.0867459	10.8258431	9.1867189
13.1529575	12.0876953	32.2938545	13.8391672	23.2684501	14.0678988	63.5228844	11.7087694	18.0293811	13.8942751	20.3969603	4.0136718	11.2293723	17.1485927	4.0136718
3.8993022	3.8993022	15.8442309	32.3259109	3.8993022	3.8993022	17.5992238	8.5266873	10.381768	19.0411989	19.7280626	3.8993022	14.4611881	13.8850859	18.9931886
4.0917692	4.0917692	4.0917692	16.2867779	4.0917692	14.1075396	15.9448308	6.5898955	11.2717725	14.6559408	15.5854154	10.1604432	12.0760672	10.6429596	9.586524
12.8579996	9.24932	13.1735457	9.3379498	4.0131518	4.0131518	43.9249638	4.0131518	12.8301213	13.0418582	19.3194681	4.0131518	13.0341077	21.8942461	4.0131518
36.8716185	11.2828616	28.9277475	20.9574667	18.6402563	23.9748764	21.7016892	6.4918503	16.192428	15.5496167	20.3416806	4.162166	12.6686782	12.8533895	13.0218958
4.1314885	4.1314885	4.1314885	12.667274	4.1314885	38.5896092	23.7278483	4.1314885	10.2904248	17.3748028	17.341722	18.1472312	13.2337123	13.531045	11.9675267
4.2487323	10.3913923	22.5051838	13.3681697	4.2487323	65.9011914	38.6157185	8.278512	14.9031611	13.6238308	17.4748602	15.2734867	4.2487323	11.3126554	14.7139041
13.572862	15.2520076	12.838294	10.5122591	13.8642472	20.9193883	18.8073846	6.8735457	13.2905979	16.1047089	20.1484552	4.2372342	4.2372342	11.9573774	13.4629032
11.2284841	12.0892731	4.2723525	15.4158029	11.5219993	15.6882449	48.2081022	4.2723525	11.475022	15.6052952	20.3103096	14.2704285	11.0777427	14.7581248	22.6383357
27.8917396	12.3330564	19.1996403	9.9316476	17.5894443	23.1553443	40.8822411	7.3843409	15.4530235	4.0752632	23.3104243	10.8750014	13.8951935	26.4101203	4.0752632
9.4768067	12.0598823	9.531575	8.282201	9.9585718	17.6263225	32.7085754	10.5168989	12.9293337	12.7665977	19.0874167	3.8678125	11.6086362	19.9237788	9.9795463
4.1867231	10.5588147	4.1867231	16.8434222	10.5631248	26.6846872	33.7198948	6.343058	12.3966071	17.1041049	20.9781001	12.9125033	4.1867231	14.0980301	22.9621392
10.4667492	11.5934549	14.0051696	14.6115801	14.7966268	4.111261	30.6231387	5.5763821	12.2989091	19.6189973	19.6817971	16.2953419	7.9421549	12.3781571	17.2585383
9.9931185	11.4613444	19.1626535	7.9165938	9.2704033	12.3613776	33.1485094	6.285116	15.0002126	9.3679242	20.7920208	7.446361	13.9019552	17.0610235	8.5877496
9.9284502	9.7294394	10.8459626	11.9447321	4.0342159	20.2236668	19.1751196	7.9469106	11.5945721	15.3498206	16.6821513	13.1916839	12.8895155	11.1078458	11.5240718
4.1936537	4.1936537	18.3097683	35.4248558	17.1614224	15.2490146	42.9609955	4.1936537	11.6876407	15.6001546	19.9668404	15.8379762	11.413054	12.7703328	9.6948563
4.2340636	4.2340636	4.2340636	19.411418	11.4072527	20.6215847	23.89786	7.3134631	12.48222	4.2340636	15.4424407	4.2340636	13.4929914	9.1340787	4.2340636
9.146404	12.0156873	18.6513459	32.0428765	12.4059753	17.6718122	39.8380585	3.9366991	13.3226182	12.9891991	16.1882886	10.970845	11.0619564	7.3430845	13.6915025
4.1399632	11.4906759	12.4136616	4.1399632	4.1399632	4.1399632	18.0157872	4.1399632	14.9657266	16.1362356	21.962843	12.9024685	14.1000961	12.2582838	12.6543835
10.3620308	3.9918824	10.4412549	14.4519629	13.3447543	16.5835084	16.7336857	3.9918824	13.380076	12.523661	16.7462044	14.4511395	11.3599995	11.898548	9.8749473
4.2032351	4.2032351	14.3307561	13.1978674	4.2032351	4.2032351	28.9917082	9.2447858	13.0983962	16.4412213	18.1848255	4.2032351	12.6798958	11.1889278	15.2394164
4.0475055	10.4792344	4.0475055	10.3114056	10.7553592	4.0475055	17.7871363	4.0475055	12.3305891	20.3292538	18.2761009	14.6549885	11.2008933	12.7479667	11.0612049
4.0440235	14.9211603	11.2152354	10.2991978	9.2087412	15.2750788	17.8425575	4.0440235	13.2270677	11.7357136	17.5303224	12.0184114	10.870774	10.6393726	13.0373068
3.9471104	12.1093808	3.9471104	8.860119	11.089512	12.5981753	20.3831066	3.9471104	12.4679302	12.679883	17.6303551	3.9471104	11.034863	10.0387301	12.9648298
3.932334	10.2768453	3.932334	14.7468056	11.6988301	14.3496968	24.0825304	7.3181087	12.2311803	16.9743273	18.0122111	12.0061001	12.1788191	13.9594463	18.1607778
19.3620891	9.5740566	11.3847526	8.9402842	11.1108723	23.3796762	17.0614742	7.5517081	14.1737553	18.8396065	16.1511201	14.9084702	7.9286474	11.4380313	12.7282163
10.4573962	13.8691606	8.8281558	19.6217986	3.9457847	29.7076257	17.5870622	10.0647467	12.1333391	17.7505444	18.5002742	11.0833969	11.2339555	11.1405492	11.6412978
10.2630479	13.2065455	25.2941357	3.9376528	8.0836452	20.1294761	28.5939941	10.0746547	14.7618512	9.6016867	27.0634059	3.9376528	14.5820417	29.5905206	3.9376528
14.3800816	13.0606051	10.0882345	9.8017021	15.5098181	12.5347134	35.5846539	9.7411995	15.4591543	9.6301357	16.205275	3.8877772	12.4859383	16.1763573	8.7665098
14.3117108	13.3647731	18.4770159	10.312097	10.9905984	4.0078878	35.4066986	9.5711248	10.7867193	9.9710984	22.1427971	4.0078878	11.6207835	17.6514692	4.0078878
19.5237297	9.4016005	3.9417115	9.274699	13.3734039	23.2920508	29.8252379	9.6586942	14.6661058	16.4491545	15.390185	3.9417115	14.6500843	17.622711	3.9417115
24.4641526	8.2738746	20.3509546	16.5259929	13.9814641	13.8315528	30.7269268	9.5105292	14.3268594	12.1148027	22.4192719	11.8524107	12.0474906	21.0474534	11.1725039
15.9378423	11.6731065	33.0905371	22.4138123	14.4303882	11.746008	20.7715823	10.7956824	16.9665445	10.9471776	18.1610278	13.7618719	4.0070054	19.3241009	4.0070054
23.7184711	11.9452414	25.1208877	13.0095445	20.186191	15.5528175	33.4094203	10.8937853	12.1047691	9.1605179	19.6816994	3.8170581	14.5329105	18.423431	9.6349166
20.7082041	11.8261432	13.520451	11.5124887	13.9070224	18.2216059	17.4196567	10.6358821	13.17207	17.2820449	16.493756	9.0839386	16.098757	17.7797096	13.7078296
15.0381723	12.5359557	23.9599774	8.8308657	11.6194839	13.8781613	26.2926575	7.8629307	13.6858166	15.915169	17.3307276	3.9106196	12.5025222	18.097715	12.2024153
12.2359798	8.0679851	18.3366001	7.5223017	3.8856264	20.7041583	27.1843923	7.908983	14.3651595	11.6321785	22.4213238	3.8856264	9.4941746	14.3613355	16.1022721
13.1932375	10.0385311	13.6840393	11.9031429	12.3047437	14.0101714	37.3678615	3.946808	20.7830885	12.3724825	18.9597403	3.946808	12.2664995	17.5200394	3.946808
14.4265727	11.344973	16.0103022	9.6916878	11.7750157	12.7689797	46.9062401	11.2073724	18.8798071	19.9836754	26.4824713	3.7855266	15.5683518	20.2229189	14.7651848
25.9873864	10.5461203	26.5523841	15.4278973	15.3254739	14.896226	35.7987612	9.1797482	11.8741306	13.9404693	19.9464602	8.6574768	9.5441954	16.7839247	9.334221
14.2229898	6.4993435	23.7255982	17.9230397	13.9998223	9.919978	23.5176787	9.633601	11.7339051	12.2158165	18.7756296	3.9900017	8.2152128	18.9755027	3.9900017
27.4056825	10.3458858	20.5757407	21.1659328	15.4639207	13.5737468	24.9729798	7.8327748	12.4618512	19.039436	16.8031067	3.7139741	8.5678462	18.3359436	10.2531655
27.2247805	10.1209572	36.5693631	20.4089655	14.7658624	18.8821465	47.4403635	8.2947555	12.0059012	12.8222336	16.546571	3.9521419	11.1110397	17.5511031	3.9521419
23.4015411	12.232025	20.5246383	11.6871196	18.7504101	21.1506211	33.0663755	9.602532	13.126617	11.7064154	19.2060469	3.7579583	12.1178983	20.1215377	10.954729
26.8794732	9.7236822	29.2391779	14.1492856	14.1692444	20.1566954	29.034954	4.0586066	12.6324137	14.3301606	18.1885848	4.0586066	4.0586066	28.1902566	10.9541824
25.7139598	15.5807079	30.2255601	12.9136364	15.8764526	20.9457549	38.2293597	10.4557851	9.8962044	10.7916875	17.9199568	12.5439872	3.9408284	20.1064755	9.5923232
15.5622679	12.2637979	18.7311868	11.061598	10.6554343	8.2172271	21.7376606	3.9174559	14.9811176	11.0529308	22.5108954	9.1607703	13.5935871	10.192677	8.7465296
33.6008812	10.4849284	22.6488688	12.906071	10.7880764	20.5094462	20.6802035	8.4402054	10.4416476	16.5964598	14.9576691	3.9111575	9.5307952	30.8753015	10.2071774
18.139953	12.7314397	25.4867574	17.1608695	12.9259742	28.4570291	34.0383916	8.53561	12.6946352	12.8698418	16.7441428	8.1154264	8.4089351	21.3150246	10.4475371
36.7329914	14.6736608	23.282378	21.4423676	14.7515039	34.9926255	23.464673	7.4243502	14.3741752	13.5778452	23.0764348	4.1908774	10.6581843	24.2392948	12.150104
13.2085363	3.9641612	24.5349704	10.7575954	3.9641612	21.2373739	18.6088736	10.088073	13.7909747	15.7865615	23.0064952	3.9641612	3.9641612	18.1238671	10.4203643
21.6657715	7.4196642	23.8318612	19.6658129	14.126315	15.0635249	39.7216428	12.8015349	13.6523368	14.0129961	18.1677205	11.9593306	10.7234263	18.7767981	10.429646
20.7134752	11.2950736	33.7028685	13.0592483	13.1859397	14.0156988	33.4006338	8.8818555	11.5397555	22.2097284	13.4020835	10.8602596	7.4691998	22.8614124	13.5692318
20.4210504	9.6573155	15.0489009	17.274349	12.2556586	15.3487042	17.0894948	7.2473964	11.2946106	15.2755549	18.6404804	4.0888088	10.4855182	16.3372797	4.0888088
12.4203702	11.09932	16.9560268	14.6867811	11.5186247	15.4948628	15.6779779	3.8697329	12.3704258	17.0194513	16.487778	3.8697329	8.3569568	18.9326598	11.4895015
21.7517418	11.4026982	27.2645252	14.193142	13.6292428	19.7547214	22.2978988	3.9565445	9.8522607	12.7369794	17.0559841	9.8188229	9.4198377	24.5516117	3.9565445
26.9892052	11.3721251	24.4744987	18.5350511	15.2710719	23.0199585	17.4557045	10.5150477	12.0553104	15.5014334	14.0565339	9.1851004	8.2929818	19.4370808	16.437579
26.2863512	9.4550992	19.461902	15.3022777	14.0779795	18.4884866	17.3605546	8.3102007	10.9591358	18.3075691	15.9858046	3.7394729	11.9383196	10.7621375	15.9152208
38.9538906	10.4779978	22.5322937	15.0048787	15.4500086	16.3752254	22.9264318	6.9074048	11.5034115	14.9489278	14.4857197	3.8859049	3.8859049	17.6259746	12.5472425
24.8681674	11.3017711	15.1338432	18.8204108	15.8027356	16.0036575	17.4647975	11.3164225	11.0081908	15.4356109	16.5833633	3.9016668	11.0095943	16.472733	18.001925
26.2427537	11.9924323	21.5866361	13.9964948	20.1476002	24.9941387	4.0547342	7.4659317	10.412365	12.7729138	20.9033437	4.0547342	11.7899258	13.0843699	14.6243609
18.698218	12.2510754	17.922666	20.4925253	15.9206607	3.9843375	18.2436289	10.5309716	12.2921927	17.2170765	16.4039398	10.8480934	10.8853381	17.8672835	9.3971518
21.6023115	11.0866128	24.6938045	31.6489076	23.309974	17.1938444	17.7864319	9.6309384	12.1242898	23.0594134	18.1548151	3.978915	9.7005858	16.3353911	14.1593727
43.0187155	3.8810772	21.3030663	13.7367999	14.0462984	13.1684727	16.2783366	11.4933138	10.7232937	12.6844395	15.9001129	3.8810772	9.9379939	15.7405712	12.3262545
20.8825102	9.1114751	21.2920751	25.2920216	14.6468392	12.6029078	15.9937247	10.8835269	11.3969371	10.7496697	14.9451736	3.7736519	11.5230367	14.3837454	12.2239578
23.2518672	11.3997324	15.0356367	23.6849521	16.1304968	19.657848	18.0747766	10.116642	11.1451129	19.3443893	14.9698011	3.8519049	8.6166318	15.3071911	10.496181
18.3517156	3.752578	23.1354057	12.1777879	12.7830758	18.4419043	31.4794342	11.2551036	10.7677316	11.4998193	15.849778	8.1516414	11.4605579	16.7828136	8.7239589
18.9802454	9.5871519	22.7583089	23.44378	15.0674266	22.7219653	11.2224984	10.9083913	11.0958789	15.2550821	15.0519107	3.8722134	3.8722134	13.0492086	16.1335586
26.290991	12.8627271	26.3081722	25.0418654	14.3316117	17.654624	13.9794459	8.1497173	10.2863176	17.8276181	14.3259785	3.9271034	10.7894542	17.1207947	11.3969073
12.1566408	15.9902333	18.1110373	23.2777199	12.1987675	18.1144035	13.5186832	4.3989411	9.0389631	13.9336381	16.0131722	10.6426896	11.7651724	14.1472794	14.2561001
28.1167391	10.9042691	30.1487745	26.9697611	13.3277694	21.3469702	15.0019155	12.1712802	11.5276212	14.6632161	17.3930951	3.962013	12.6620827	18.2226561	3.962013
10.032527	3.9675299	20.2390588	14.3238416	18.0512314	11.5951685	27.1503087	9.1672903	10.8763915	11.3390229	17.6001108	3.9675299	6.6626606	16.6026583	3.9675299
30.6359942	8.7298117	20.3394492	34.3382779	15.6295846	15.280956	25.7344685	10.3005585	11.338347	12.068859	19.8806559	4.0539405	10.4477738	20.7392065	11.1083574
42.1742332	10.7374327	17.3223326	28.5371096	18.2759226	13.1962671	33.7939127	10.4369484	10.1417565	14.1128596	14.1890276	3.7918387	11.0560386	16.4882796	10.3847977
24.8430476	9.5034643	25.7261361	15.3758569	13.6104903	10.124556	15.7428007	9.558269	11.8345299	19.6762658	17.4786922	3.7959777	10.8405795	11.5657465	13.7408201
20.8939178	13.7857328	32.5478751	14.6504968	13.4851676	10.3946057	31.7987372	11.5990769	12.6655765	9.8821977	20.4366574	3.7719843	13.5532593	21.170134	3.7719843
18.887978	10.8249528	21.6193949	16.3424193	15.2036493	12.3267092	14.1731759	9.6289243	13.3255729	10.401526	17.3698656	9.0589687	8.4137208	15.7004801	3.8231502
22.2003644	9.580263	24.8259831	20.3587433	12.6008033	26.8129603	20.9907258	11.3144602	12.3445147	12.9593794	17.2337186	9.8051508	8.7775078	13.4335365	9.1614653
22.0114556	9.091414	28.7169191	15.6908434	12.1032701	20.3893545	13.7099552	9.1349873	11.9937886	18.9890277	16.6765916	3.7535749	11.3778212	15.20877	11.9544349
19.8151084	4.2227775	4.2227775	4.2227775	17.6047014	4.2227775	4.2227775	8.3876287	9.0842883	21.6849595	4.2227775	4.2227775	4.2227775	9.5997649	4.2227775
29.8995663	11.4575102	19.8070246	41.3545157	16.1830092	14.4896663	20.5678256	3.8144798	9.740336	11.4080066	15.6249964	3.8144798	11.0793231	13.3003925	3.8144798
19.4113698	12.7225335	26.2403114	28.8470277	21.2946245	4.330276	20.3636262	8.6866125	13.4374037	12.555994	15.2802772	4.330276	9.2368331	18.5764077	11.6263226
20.3306425	12.4641987	24.9302634	20.8352941	13.0349066	19.3291708	16.9898238	6.9800161	9.7946663	13.3491428	17.1694566	10.0668769	11.8312739	16.7034093	7.9664224
20.3341362	12.6002397	22.2458594	17.6402707	12.242521	12.4329703	17.5577122	8.204974	14.4777004	10.2299979	18.0438775	3.9639711	3.9639711	14.8148613	9.982316
36.5399862	13.1752234	26.451494	22.4820852	20.286493	13.1144022	33.0032128	10.8782853	12.8455019	4.1276035	18.9877136	4.1276035	13.0705636	26.2661841	4.1276035
26.241162	3.8728987	20.2362501	29.0914735	13.4050422	3.8728987	13.1256077	8.9216698	11.5452266	22.6137607	19.4420458	3.8728987	12.8267223	13.5847956	9.6118614
24.9010434	8.5736799	19.435134	13.1616195	13.2868098	14.493531	19.4757851	9.8222267	11.7092918	19.457048	16.5975533	3.9557287	10.7297878	18.6560516	10.4290888
15.629909	4.1034604	19.2516635	15.7616473	10.6355267	4.1034604	13.8360526	7.4874922	11.8949346	20.636949	18.9458789	4.1034604	11.6884277	23.1110847	4.1034604
30.53602	10.9132921	24.1446617	33.0912326	14.7330905	3.9463244	21.9712806	8.0646777	13.7975329	17.0056139	19.0356673	3.9463244	8.9973197	16.5050292	3.9463244
24.3693732	7.7682882	18.4829211	27.7203764	16.4492519	3.9459895	11.054919	9.4742879	9.2737441	18.4584106	14.6706574	3.9459895	9.1852927	13.6399009	13.4932321
14.8424072	4.1405489	27.1755711	18.4505072	11.7314465	15.2127126	20.6080859	11.6567256	10.1321202	20.7086306	16.1593897	4.1405489	9.8159729	13.8463803	4.1405489
25.7059046	9.4530346	24.8707946	18.7177615	12.6538732	18.7351233	20.7656884	11.6536905	10.110439	10.6890769	14.9442975	8.4580715	11.3214768	16.9867356	10.0282232
15.914505	9.0648057	21.1738665	22.4213979	13.1953246	12.1140717	11.569678	7.5807639	10.9739887	13.2691194	14.1810017	3.7459797	10.9938315	16.4978945	15.898733
32.1906292	11.8390729	24.5210519	16.2042656	16.1641736	3.8845196	24.1080387	3.8845196	6.435196	8.6502819	14.3037757	9.2572775	10.9711004	20.8983788	10.6844589
20.5740485	3.7510649	21.7337902	16.070702	14.4592603	15.7945134	18.2621432	3.7510649	11.9564447	10.8976551	14.7482745	3.7510649	11.4165721	16.7621171	3.7510649
17.4792943	4.0549099	22.5684234	19.3477316	20.0494597	18.5177715	19.9933208	8.8322541	9.9566979	20.0431845	16.2448614	4.0549099	11.0171336	22.3783597	4.0549099
19.2024911	10.9154129	20.7068244	23.2529772	12.9081702	11.4527576	16.1411659	4.1137974	15.1976486	15.4913616	14.4213062	4.1137974	13.2053421	12.8234039	13.7418153
25.1882683	8.7696861	25.0634549	23.1299174	12.6963963	15.7880205	17.2411867	8.6584769	10.4492829	16.1198308	18.5992752	4.0363513	9.7995118	16.4003819	10.6411837
19.4399258	3.9069082	17.8988387	32.5469189	11.3541824	3.9069082	10.7706127	9.8650554	11.7190528	11.0977203	15.57521	3.9069082	11.1236	11.8090656	3.9069082
26.5632795	10.8546005	27.1531468	24.4312137	18.717774	16.5666642	19.5956238	6.4689118	11.7960918	13.8283917	19.3143656	4.1529421	9.8339259	20.6199173	9.2982918
27.203942	8.9009788	24.5082869	35.2096949	14.1236704	3.9144405	16.6977161	11.5166416	10.4644132	12.9534748	15.5575616	3.9144405	11.5397176	18.3414167	3.9144405
33.6188354	12.6355176	42.8279815	19.3513292	12.7878885	12.3601547	16.6517206	8.807039	10.9342557	10.5049964	18.7095962	4.1052381	4.1052381	15.5205679	11.1959556
4.4989847	4.4989847	22.2962819	22.1537487	12.5174479	4.4989847	17.3612149	4.4989847	9.9857073	4.4989847	15.2488912	16.2361663	9.76998	13.9178637	4.4989847
13.4156225	11.8636799	14.9195409	19.9562908	16.0538889	14.6048929	14.8519416	4.3374213	11.6364563	14.7915353	15.7135813	4.3374213	15.2848392	14.8083275	4.3374213
18.5342687	9.6549636	21.621227	24.0812123	15.1863144	7.8237577	17.1794544	10.8945096	11.5436261	11.221458	12.2504435	3.8060309	11.1653283	14.5348166	3.8060309
20.5519165	8.2864616	25.8953824	25.4419483	16.9774205	3.7657406	16.0164658	9.5449053	11.0019533	11.5167949	20.8586007	3.7657406	11.2776839	22.5464586	16.2905884
20.181247	11.1000561	15.0960438	24.2879794	16.5739368	3.8386419	17.6584661	10.2396047	9.5099168	15.2213234	12.9003431	9.5821985	10.0334689	11.6904444	3.8386419
22.291628	9.5343568	21.2088183	24.9973738	13.6642098	17.334172	11.7311544	12.7634468	10.8189645	15.7377469	15.2913784	3.8200441	10.0929716	13.5642812	13.8195172
21.6259551	10.4121914	23.8118201	22.1642602	16.1536337	18.3381764	21.3887216	8.9266878	12.4778722	8.9860519	7.2931919	10.5824361	11.2107356	18.8961841	14.6066982
16.8423066	12.0250506	26.2985168	14.2659872	12.8575318	13.3041379	18.129417	7.3754407	14.3169559	14.1487704	19.1764849	4.0904507	13.5270889	16.9281033	4.0904507
23.0439811	4.1838322	20.9727185	26.3543807	14.3707636	15.3097613	13.9414262	4.1838322	11.6941325	13.6517533	19.2408852	4.1838322	9.496617	17.4719956	14.7953612
19.3973348	12.2400639	15.6713257	20.8242785	13.6537844	14.0520856	15.9126266	9.6500549	11.7524934	12.4412018	14.2691448	3.8376018	9.5697688	12.6547897	15.0426244
22.3910734	3.8979857	18.0858118	15.4980502	17.6370435	18.7434205	21.2636079	7.7347269	12.3297598	15.1444085	15.2986483	3.8979857	12.096781	14.0706031	3.8979857
19.1788505	4.1295962	22.6850159	26.7247597	15.0408848	17.8601713	16.9665034	9.5162692	11.6569403	16.649823	15.406684	4.1295962	4.1295962	16.890999	9.609943
18.621006	8.962689	17.4766936	11.4559056	9.8211651	14.3263863	19.7445566	8.5909187	10.3890485	13.3549042	16.3099177	9.0067638	9.2579799	14.4893463	16.5328472
16.9364826	15.9131135	22.1092163	16.6876016	12.1513888	19.3517547	20.814663	8.831155	12.1622664	15.2981413	18.804372	3.9272645	11.6458885	15.9885326	9.8607198
25.899656	9.3955065	37.6741089	20.6366948	15.1022804	12.8117545	14.9778886	11.3414244	11.1761853	9.8208047	17.2712501	4.082671	12.9765798	16.2390246	4.082671
16.7073958	8.2582153	12.1036963	11.2502879	11.3103271	21.4524573	11.3705476	7.6573622	13.0157503	17.785629	15.4063435	8.7001102	8.2066853	13.4407464	8.0651033
22.070465	8.7169053	21.7021011	20.6523618	13.8862995	26.0326868	21.9585535	9.4547246	11.3457452	12.1349382	16.6891035	3.7641688	9.2129116	19.6672603	10.29278
21.4785662	8.960017	20.555968	14.9410665	15.1517312	22.0858266	23.6605321	11.2755485	10.8368236	12.8011285	13.776826	3.7951438	9.5807738	16.039193	9.4334196
23.3029598	10.9183401	24.4928052	17.5192046	13.8820208	22.8128152	16.8837227	10.1373796	12.192771	19.4489089	16.9281308	3.9271562	9.5435202	17.0876132	9.8373739
19.9436831	3.8523188	21.1611484	19.4715322	14.1669822	16.3235963	13.8838106	11.2467125	11.35402	13.3150666	16.3357669	3.8523188	12.37152	12.6639936	13.3677812
28.4660305	10.942488	28.1761094	19.3537332	18.5425699	9.5738928	22.4932098	10.9648768	10.4367222	14.9395492	15.898541	3.9230781	6.6373442	16.6835723	10.4625165
26.6855532	8.2272164	22.8658307	18.5395162	17.0016674	13.473328	26.1704631	9.3887977	15.0534999	10.9545133	22.8260906	3.9493833	13.5918117	18.4734921	3.9493833
27.0339827	11.0816632	23.7686475	21.2356208	10.3343148	19.79113	15.9428688	8.8379153	11.4912864	17.3495575	15.4233637	3.908708	10.5421609	16.1725627	13.5578102
17.4447617	12.626078	20.328889	25.4937643	11.8390897	3.8350808	10.5803215	10.3843976	9.2028883	14.4880815	10.8656064	9.0637675	11.5708829	17.8749714	14.7820373
20.729764	3.9121687	18.5659122	20.8708244	12.1126455	3.9121687	3.9121687	8.3832499	10.6571961	15.6378718	14.9989902	3.9121687	12.7159225	12.5192968	8.7499307
16.2132114	11.8425145	20.4053685	18.479663	14.9784696	4.073812	12.7281268	4.073812	12.8238874	13.0996995	12.9531215	10.5334541	10.578736	11.8938784	10.7721702
21.6275178	7.9089351	22.2248214	29.642247	15.3001808	9.6944297	10.6373514	12.198051	10.8733895	18.0676586	17.8427188	9.5222539	10.0761954	13.4577837	12.8338135
25.0686173	8.9998157	20.1505784	14.5590846	15.1987021	12.2099793	14.9740765	9.588731	11.6420774	13.9164581	17.3265345	3.677176	12.5538096	15.2367633	15.435667
32.2543261	10.3550817	24.2845024	13.3238184	14.6041942	13.7212488	13.378734	8.2706011	10.8427092	3.7636792	17.6630158	3.7636792	10.1226047	11.5385044	3.7636792
17.9972187	11.248977	26.7179265	27.2174451	13.9810992	15.8000653	19.2484901	9.2716995	11.0410744	14.41595	16.1412015	3.706146	12.8634774	13.8941064	11.4816182
25.6409567	3.9614099	23.2262901	10.0673199	11.8782861	16.1427725	14.1307361	12.1748517	11.7726633	10.5053546	15.4006453	3.9614099	8.186423	16.291368	3.9614099
19.0756247	3.916485	30.8728784	16.1311564	13.5005824	35.9713607	21.0028331	8.1546837	11.7652788	15.6291004	18.3109044	3.916485	10.2630826	15.1852527	3.916485
21.1727284	3.8517355	28.506501	16.0917991	17.7229856	12.2237691	12.3314312	12.6327498	10.3659459	14.8993086	16.7073431	3.8517355	12.4989429	11.0637495	14.1203218
33.2150442	8.6960579	25.3362929	27.2275368	12.9596718	11.6483152	3.9671178	9.6137948	11.2491149	19.5520928	17.6166156	3.9671178	3.9671178	11.3712305	15.3820948
18.373607	3.6355396	22.8714801	9.3135126	13.473675	12.6496693	19.9921909	10.7848977	11.8945349	13.1443518	17.1788706	11.7913572	9.0875847	15.2536411	13.746617
23.5064371	8.5418162	18.8931828	21.8268288	3.9952475	14.3286358	3.9952475	10.2412715	11.3314377	19.6361023	16.7476953	3.9952475	10.0764752	9.2257728	3.9952475
14.2906382	3.6896376	14.007943	15.5771194	11.2017456	11.8896369	21.5184619	9.7736082	12.1873207	11.7879468	16.72533	3.6896376	10.0006068	14.9622265	10.7216385
19.6153398	8.6833671	32.6097476	13.1233527	13.2783769	3.7748318	20.9469456	12.7841777	10.8477038	18.1662226	16.7324643	3.7748318	10.4129964	14.7614932	3.7748318
22.5429833	8.2176886	21.3730912	19.6140937	14.5976184	15.5319563	17.5846906	8.268331	11.1299165	19.5231922	15.6038814	8.6851741	11.6787741	15.9492726	16.063537
26.6495395	11.2366493	29.0159683	24.9982463	13.7326832	14.055013	11.6064015	10.5270812	10.751254	15.0001404	16.0601807	3.846218	11.4614955	17.8265105	20.7778276
27.174614	9.0157661	24.0666959	25.3614288	15.9721392	10.3482128	18.3385815	9.2023184	10.5412487	16.15085	16.6657806	3.8312926	10.4084608	14.1246207	14.8085463
19.8722934	3.8983629	28.4081489	17.0806383	16.1332869	15.2060504	17.8922061	10.0497937	10.492721	16.8047725	16.7510524	3.8983629	3.8983629	14.6497878	12.3633114
18.2428323	10.0418624	26.0244822	14.2936887	12.4106776	15.674098	15.2382108	11.5388344	10.7477684	18.0468697	14.9984596	3.779629	9.6699192	18.0487984	9.0652868
33.0589171	14.4512158	31.0778892	26.7296989	12.6433927	14.9105973	18.5065458	14.4005718	10.0325287	8.740017	15.6051572	3.728324	15.3172254	13.6385518	9.5295205
30.6846058	13.2550644	28.5998325	28.5612453	14.736644	11.9207044	14.4829063	10.7206476	10.3013562	14.3424917	14.3622555	3.773145	9.7171158	15.2771549	12.5146512
16.0430535	9.0047714	30.2453859	20.1679498	15.4021628	3.6098445	12.8262808	10.6321195	9.0215526	15.8334663	13.0385216	3.6098445	11.3540993	20.6978249	15.972569
33.8751103	3.7152311	33.2886131	29.6386769	15.1623455	3.7152311	12.9474651	12.4504958	10.7769681	21.0754396	14.9980512	3.7152311	12.9328515	18.3835231	12.6573011
16.1037812	3.810667	11.2272623	8.5827578	13.9769889	15.2756831	23.3456091	8.4974263	12.1236242	9.6140137	15.8841888	3.810667	11.5769106	19.4471011	16.2670349
21.3247737	3.7112556	19.3593829	16.1404158	17.1400297	13.9779789	11.6723652	9.4930749	10.5005953	15.7933894	14.5825397	3.7112556	11.4674573	18.1058609	13.5977808
18.8113691	8.6387371	25.3049703	15.8889273	11.7251454	11.9597755	13.6026781	10.2939272	11.2086561	13.1129866	16.1446677	7.4568869	12.0380064	17.4380066	15.8415119
18.1806291	9.1098327	13.348566	19.1651305	13.8165708	13.9281659	15.0909628	4.6505919	13.2619364	11.2571512	16.7675391	3.7726061	14.2435682	15.8128465	3.7726061
28.7771478	10.5466308	19.043513	16.7383882	12.1271786	15.7129341	16.7283132	10.5993767	9.8046968	11.3373993	15.3726527	3.8153229	12.0385353	14.0713445	15.1362201
18.4174514	3.5437776	23.2196957	22.9292807	12.1773488	9.2531178	12.5432692	9.0079734	10.6469613	12.9945764	18.3315405	3.5437776	9.1302498	13.2851553	11.3986033
19.834777	10.2086451	17.8909807	18.976648	12.1591268	12.1911716	22.9084776	7.3943027	12.9206687	16.5937122	16.0519756	3.6129209	14.5674883	12.6978538	14.8062803
18.0090553	3.7821651	20.8039726	18.4608093	15.9725325	3.7821651	3.7821651	9.1320167	10.095693	13.8936791	14.2421504	10.4936489	9.7778466	15.808692	18.4156164
24.2453052	10.1127764	32.2299298	20.8054857	4.3748878	16.6639838	22.8520483	10.602522	13.2624259	21.0611581	15.0733586	4.3748878	10.735006	11.3964437	16.0368396
21.5252057	14.5212185	16.6885452	38.6081233	13.1315092	3.8437742	12.5910068	12.5403998	12.6732358	15.8768186	15.0284326	10.9973166	13.0787637	14.5289958	11.5710466
24.4269821	11.8643536	19.5487556	21.4159267	11.4742286	10.4013597	14.7738535	10.6933679	10.5188351	12.0144245	12.6142537	7.7907552	10.8928089	15.6171045	12.0525263
20.1556904	3.6960698	20.1711532	17.5136337	11.8956385	11.57259	16.3531901	10.8348494	10.7361889	11.8131306	14.8958693	3.6960698	8.6209663	13.7661369	10.295488
19.7762183	9.8176658	19.7062763	12.6895897	11.8151067	9.3197049	16.8913073	8.5807657	11.9109423	12.7128432	16.8985988	3.6838269	11.5538107	17.4831801	14.0962665
18.5694755	3.9713195	34.288388	18.4751492	12.4240788	18.9491524	20.802735	7.7453553	8.6616289	17.1658941	14.050331	3.9713195	11.1680618	19.5236599	3.9713195
25.2646906	12.6828913	35.770465	63.1203117	12.2866285	13.0190303	23.5703482	14.5455991	10.9041197	11.3895215	15.0043122	3.8626562	10.9670199	15.4472598	13.1373849
17.4910314	3.6405625	17.0402016	15.8966481	13.9300456	10.9830587	9.3191756	8.8814036	10.3243695	12.2255632	14.6612169	3.6405625	9.4270271	18.9443384	13.3347353
19.6623515	11.1961897	20.8384732	28.1355316	15.9142485	3.8680167	17.3675612	7.713771	14.5320757	19.0655176	11.4271956	3.8680167	13.5014678	17.5136891	16.446734
13.9450117	3.5108074	22.3868925	15.5576919	19.2893444	9.6864844	14.9087493	7.8665018	9.4074711	17.269427	14.3129321	3.5108074	10.5467035	14.2457038	9.0751526
17.9413957	4.0464541	27.6826471	20.2693886	15.8014716	4.0464541	21.0361095	9.4029553	11.152077	10.7359995	17.3574842	4.0464541	11.6236009	13.4873685	10.4439062
17.4558199	9.1731476	18.1002865	17.4467987	13.1290309	9.6802138	12.6026366	6.5156446	10.3662915	11.9512888	14.2908328	3.5656336	9.2656531	15.3192949	9.4100599
20.9753124	3.6997982	33.6398824	22.7382447	15.3212454	8.4825935	17.2821998	12.4286317	11.2382082	16.990277	17.4330439	8.6586495	12.4763124	16.3934721	17.8348449
21.2832309	3.8732276	16.9727104	9.9663765	9.4290699	16.3299222	14.2275315	10.8038298	12.6060876	12.9115574	18.3916724	3.8732276	11.2540685	18.4038517	8.0674894
21.3519799	3.8891421	11.3483987	14.2556556	10.1567106	11.9948007	26.8303243	8.2123082	12.9395844	19.9963154	15.9912522	3.8891421	13.0074472	14.3003331	3.8891421
22.2108919	11.4053082	22.5864836	17.8564857	11.2195784	15.4159049	7.7321716	10.2014266	12.9462875	14.3107968	18.4945949	3.8497197	11.8734727	16.1219575	11.6149913
31.2436577	10.0097118	34.3893326	15.8879472	19.2015643	21.2906768	25.8274375	10.4504618	12.724956	17.4827732	19.3470019	3.911149	8.8718113	23.3321931	10.3892853
31.5473878	9.0133278	30.9971138	24.6445723	14.574845	13.1452439	21.1202689	9.9940957	12.3927694	21.3178271	15.4405954	9.9622887	11.6776703	16.5836367	11.2976795
11.5223513	3.87278	3.87278	11.3461981	8.8842729	23.4297345	29.1785858	6.0525277	11.434233	13.0204371	18.1048988	3.87278	11.31644	21.9395725	3.87278
19.5633909	10.2133076	22.0617788	15.2472613	11.5048989	20.0331021	25.2591896	14.1466384	12.7484351	14.3711061	16.0854795	3.6546347	7.7150478	20.3353265	11.2622948
19.5045922	11.2112124	16.3910628	13.1150574	12.2649238	24.0805042	31.2726156	8.5074264	10.7015028	17.8097239	22.3843377	3.9006858	12.5434423	19.4561595	12.2513596
12.7464047	11.4055287	20.1845055	11.8393456	10.4555209	3.9453535	35.6310174	9.0988578	12.4743003	11.9929238	19.1925017	3.9453535	12.6488941	18.4505952	3.9453535
21.1804801	8.8202235	21.0542884	12.6364611	3.935654	17.7205631	15.4760044	9.8036712	12.3015434	12.4142676	18.7554001	3.935654	12.0372012	25.7372661	13.6209172
30.752678	17.3851762	20.2226532	25.9800455	16.8416348	24.0178474	42.32827	15.9233484	11.5386096	10.1234229	16.917543	3.8294344	16.4119874	18.5255181	11.8765308
16.8052017	14.4298864	21.0783022	11.9302991	9.5451611	21.9805006	32.3849532	8.8660834	13.6932844	13.7319264	15.6146896	3.9415993	12.2780723	21.9776767	12.7940157
26.22298	10.2782011	23.0793723	10.4459258	14.9174068	17.9942133	32.5358264	8.7650452	14.7019957	19.976772	18.8053201	3.8654951	13.0579697	19.2528809	3.8654951
17.8951296	15.1296129	18.2045477	12.9914129	13.1515564	16.6686827	31.4012482	9.7174352	13.1184132	11.7649346	20.7888859	4.1568119	11.2491254	11.2821063	10.9738991
30.5525031	9.582135	36.079677	18.3906499	15.805579	15.3341666	26.0265764	10.3907191	13.866274	18.9092978	21.7912053	3.7872245	9.8908937	19.5927282	8.6769158
18.2326892	9.5011695	18.4982564	18.5705766	15.3171434	14.6510704	18.4433542	3.9337425	10.732406	14.5765009	11.9227948	9.7060765	9.473803	15.5391292	15.2592126
21.7423466	8.8247503	44.8126589	17.0054793	15.0581456	3.8858486	26.4845264	12.7622239	12.699247	16.2591243	22.0888801	11.3920624	10.3561863	19.8022301	11.991098
19.3112926	9.9984207	18.8650184	17.5457047	11.6461287	13.5426062	16.5193445	11.1994091	13.0334406	15.1581429	17.5621998	11.6837179	12.1226412	13.0552513	10.0347795
16.7315149	3.9134896	16.9464327	12.3261184	3.9134896	23.7937797	10.9375052	9.2923512	12.1049059	17.8410355	17.7810303	3.9134896	9.5214407	13.0082507	10.6976211
15.9863523	12.0186203	15.9594193	14.832307	12.9942051	10.8947301	21.1704524	12.7504648	12.5823958	11.3624734	16.684213	9.9561069	12.084008	15.5491836	14.3469409
22.9202453	9.0783846	29.3973556	11.7649076	11.5642011	16.608152	19.1715138	10.3263666	11.9182714	15.0010755	18.0127311	3.8890744	12.169973	15.4749976	14.0394943
10.6962128	11.4223344	19.2717922	15.5904139	14.687177	11.959497	20.825323	6.359442	11.2375047	13.1655551	16.9978167	9.5989955	9.1523871	18.0561461	11.1447542
27.5010668	4.0158541	34.276393	14.7843894	19.6288373	20.8118753	36.6567358	11.89687	13.0802123	12.6540039	24.3241057	4.0158541	11.376762	18.9490896	11.1326538
10.107751	3.829043	18.1597896	9.062491	16.7338736	16.8507007	21.4941695	9.8526878	10.5912639	15.2030995	17.6719526	11.1945145	12.9110905	18.6599391	15.3646181
14.6313449	14.2406302	46.2314131	22.4167757	13.7539814	16.3453331	21.9662761	4.5267284	14.2107742	15.4703236	18.2407491	4.5267284	4.5267284	25.4287944	4.5267284
21.9906904	15.2012655	13.8955539	14.6184031	17.2656213	19.9574574	34.1377673	9.5927775	10.7756247	12.4692393	20.7697904	3.9685366	11.8493952	27.3834198	13.0850307
23.5274285	14.2162803	24.9448407	17.5362128	14.3404045	22.58491	36.1938441	8.2438121	14.6883011	18.7113501	18.2359118	11.0163223	12.0786618	24.4234084	16.3911152
18.8678917	9.4543246	15.4793935	11.7079067	11.4715417	22.5989749	36.6427271	7.9880757	11.5482752	12.9310482	21.5944179	10.1585875	11.5129933	21.8183689	13.4337889
21.7074461	12.5348738	13.2464144	17.4141493	16.104732	20.4901716	18.9673279	9.6281384	15.9817497	11.5024844	10.8200158	8.3386053	3.9995653	13.9876947	10.8877043
36.2023406	11.1658335	31.910801	30.826465	3.9321244	19.1318239	17.8156467	11.0837888	12.5554845	20.1557372	21.0393871	3.9321244	10.199903	13.8439999	11.2673097
16.0801618	14.1598687	13.7292781	16.415016	17.5922654	12.7677094	29.7260534	10.32269	12.6956625	11.5084052	17.6473617	4.0036023	4.0036023	19.6900907	15.7438583
21.8850785	4.0614468	9.5580711	20.3851619	16.0230372	34.7770074	54.0166958	7.2413096	16.0074474	13.5958993	17.368661	4.0614468	12.8290922	15.4761894	4.0614468
19.163576	12.1200602	30.5188302	16.6141198	18.5473721	22.4582725	21.4026924	11.1353733	16.2145975	15.292785	24.2964477	13.3953073	13.3412671	17.5813387	12.0767193
18.7831609	11.2065514	14.5126116	12.8879402	17.9736828	9.2619512	32.1514288	12.2368945	11.629734	11.1968081	19.5816896	11.8786922	5.2995906	16.4826192	8.6719267
12.4210404	18.7567199	11.1507485	8.2257667	14.9504398	28.0588779	16.4690947	7.2023844	14.1201602	20.2014142	18.0769229	9.6150979	10.1007127	15.4012583	9.2433726
40.1317103	12.6911967	33.2208091	17.3409044	15.2164726	24.0708411	52.2513754	14.9483836	15.1801442	3.8175557	21.6731428	3.8175557	15.100293	20.4863718	3.8175557
15.8495891	8.3557226	21.4061481	18.6001382	11.862625	12.6887524	20.2115947	7.5750934	13.2678787	11.6914015	19.742865	11.8254744	8.0512153	16.1875739	10.3908985
18.4455504	18.1151409	19.2939161	23.4562787	14.7359133	16.1433641	24.0325972	10.1405639	14.004516	15.1054178	20.7577466	3.8909221	14.1080014	21.1953871	12.8350371
13.3937234	11.8461557	24.2064165	13.1590357	14.5125125	12.2947147	36.5426978	9.7781809	11.0028389	9.6976092	15.4657087	3.8259059	3.8259059	25.1562944	3.8259059
27.9325382	9.2618028	29.1761957	19.0819034	14.7692888	13.0635241	17.0241702	11.7981965	11.5361123	16.6238528	16.6568578	8.6581982	11.7948782	15.7115112	11.3152223
37.5159269	12.3064715	47.6061126	18.860457	13.8741244	19.9384115	27.2258073	13.9071838	13.4024098	20.762789	18.7502016	3.9056383	11.5743922	25.7317809	9.9158044
58.2371441	11.0640989	26.4485194	25.7207478	4.0858061	8.5606363	29.9700093	12.0353021	11.5071916	4.0858061	21.3746274	10.5638273	15.4016077	17.5952207	4.0858061
17.9711062	10.9927526	36.3335146	22.7668676	9.7947579	14.3147825	21.8689171	9.3582688	12.9596474	16.6038172	22.3315124	3.8612958	8.5556429	23.3700435	13.8001369
13.8576997	14.7330962	15.8801011	17.1663415	14.6622053	12.0311221	20.2102578	7.6844304	11.2668122	12.8206253	16.5557269	8.7265307	11.5278766	15.7065734	8.1638957
27.0729688	15.238017	27.4074071	15.2994203	14.2339208	28.2078762	35.9452417	10.5602902	12.3248933	15.2866531	21.6598451	3.6356312	13.5321308	19.758274	11.4043168
49.1666051	10.5899831	37.1329366	16.7389971	11.7565464	13.29882	28.7887596	10.9018186	10.0185486	10.684677	18.0297215	4.0412413	15.9155618	20.6700421	11.5073489
27.9392619	17.6551479	29.1410847	43.2641945	17.7008122	13.8398208	12.6793684	13.5763342	11.5610063	18.8347653	16.2701522	3.7489863	12.8438297	15.2607046	18.3034086
31.798551	16.9956758	34.8378715	33.3634542	8.3242739	14.8963236	3.9987163	15.2509097	14.1494377	3.9987163	20.7640362	3.9987163	13.7088856	18.4525966	12.7828155
32.7064113	12.8493283	29.9244049	29.7150337	13.4214639	11.1313593	16.5750212	10.8956774	11.5412292	15.4399529	15.8952217	9.3976729	13.8676482	18.2788945	3.9002371
18.6088151	10.9916659	25.0721171	17.6983618	8.9048371	19.4290487	16.5412239	12.3075064	12.9162498	12.241366	18.0615731	9.620007	12.3817781	17.350048	8.6002565
24.4603507	12.5549993	30.5442222	18.7401881	14.4865731	19.3847945	23.0237983	9.6037619	12.7688011	15.8147426	19.483978	9.5573207	12.391167	18.6162735	13.6166183
38.7666606	17.3024479	28.2225299	68.017774	15.1341833	14.9678002	15.2892431	16.1780032	16.0030862	15.0481266	18.7797968	3.9014205	15.2090807	15.6012305	16.6256166
29.4243172	13.7819478	26.6349874	22.3329848	13.9355527	3.9579359	30.13689	12.7471555	11.7761294	20.1326054	14.2335335	11.3697791	9.7775496	16.949679	10.9184629
16.238899	10.7324353	23.8920399	17.0501691	18.5299173	24.371216	17.0251791	8.9958608	12.7536425	8.9155773	12.9736833	9.9750805	3.9201525	16.5552473	3.9201525
20.692781	11.6483692	20.5285677	16.8819325	14.1504642	12.3715975	26.3984168	10.6157991	10.5765296	14.9277952	20.344151	10.3238928	16.9206909	14.1804747	3.9250477
27.5058241	12.7969804	30.876149	36.2268361	14.0017635	3.9341906	19.2550012	10.3992284	13.2292674	23.0471365	19.509076	13.3015908	14.2221532	19.0579359	10.5894337
32.7935396	4.0478558	33.7667683	34.5812455	12.1231065	14.4377649	24.5211163	9.5769053	11.9323042	18.4998675	19.2262133	11.2021625	13.0935988	17.4550815	4.0478558
33.6179245	9.5505762	36.218722	29.5195808	8.9557435	3.9651159	27.8793345	10.5215159	11.8904526	18.8773097	15.8238853	12.54059	15.0418683	20.513444	9.5628281
35.8002316	9.4819976	24.6292567	37.6998298	13.1501603	10.6238185	20.4894032	8.6909905	13.778679	23.0693104	19.4397763	13.6294232	11.5475295	18.1258213	9.2816727
24.8760974	4.7536495	29.5553516	26.4203539	43.2579135	4.7536495	21.0264214	4.7536495	4.7536495	36.5958631	19.7758901	4.7536495	4.7536495	15.9575532	25.8682954
25.9164175	14.0227236	45.8221753	29.0077457	19.7434167	4.0882672	29.4145148	15.1609821	10.8847004	15.7300342	19.3376898	4.0882672	16.425478	13.9370518	10.6422849
44.0430129	13.8072204	26.4184981	18.2551064	16.6635865	20.1938572	42.55891	9.2081702	13.0274196	15.5104869	19.384707	9.2596396	14.2845336	20.386471	11.6900606
65.8505254	3.9231281	23.9686255	20.3927142	17.407964	11.5985696	46.4659374	7.812655	14.3294653	15.3765369	22.9155999	12.1086866	12.4978508	21.0129083	19.1578557
28.0920783	12.1174876	36.4257858	15.999568	19.4133863	22.066014	15.1836309	11.7629788	13.2665528	17.6732652	19.1803469	3.9858288	8.1421173	21.6857175	12.1662424
37.919757	4.2551059	40.1301	57.1391806	26.8402558	4.2551059	42.593314	16.8931514	12.0726825	21.9427931	17.8645356	4.2551059	4.2551059	24.3879108	11.8429144
25.8887007	12.612248	74.9679823	34.1881912	30.5335547	4.3503308	20.7306175	15.5360899	10.3734244	27.6354478	24.5002943	4.3503308	9.4893276	20.8724649	17.0655707
37.835809	14.9757518	47.6361057	44.9367023	10.4672467	18.0583311	22.9872496	17.3021342	11.8757548	27.0688971	21.2873749	4.040376	13.6426582	13.457497	11.0389836
21.1376405	14.6418486	36.4939703	27.7144579	16.7450254	14.6199262	24.0101842	9.1893944	12.6159321	16.0262922	14.4464759	4.1105712	12.1146709	25.6357696	10.57461
22.8509016	9.1664207	28.193048	23.5416647	15.3972311	4.2104292	18.0173961	8.0152019	11.0509896	19.5858129	20.6680563	9.7191441	10.5060155	17.3705016	16.8524537
42.7925741	13.6474072	51.7636191	29.8955177	18.2252929	4.1658154	16.7977041	16.3652974	12.2557064	24.2170401	21.0843964	4.1658154	14.6195797	16.6725688	4.1658154
20.6982694	10.7069373	22.1187227	16.9008424	15.6169956	14.6889165	14.4434883	12.9324316	10.1620207	12.4468233	14.6714581	9.4529175	11.6239711	13.7511201	3.9003634
20.8782878	9.1495895	45.0589612	20.1268572	20.5179778	4.1636524	16.1438817	8.4788406	12.4583926	17.8063698	23.3068289	11.3249622	4.1636524	14.8472152	17.107307
24.1956872	4.4003834	37.3714136	68.525699	42.5993467	4.4003834	15.5772707	9.2822807	13.4432847	11.2104093	17.7238418	4.4003834	25.0676823	18.1913296	17.7444355
37.5348659	9.8221722	29.3692996	28.9590778	15.0100437	3.8129863	13.0994729	11.1376083	13.0376819	14.0687466	18.0250712	11.2357893	12.185732	15.8322232	10.3687215
44.6182711	12.7502846	48.6951117	22.8655536	13.5363886	10.7397292	32.5367986	10.5658246	13.116809	16.5817903	23.9587465	13.5116769	4.1146494	16.4538843	4.1146494
26.1312778	12.4970925	24.6717292	24.7265249	12.1783387	12.5911803	20.8754775	9.3343204	15.019295	18.4169732	19.7275045	9.2751001	8.5179359	15.2710958	3.9304453
15.3739993	15.7938492	45.1776151	15.5678099	21.6280615	11.935193	25.5357255	12.7808944	14.2543471	12.8048911	23.753486	4.0945995	15.7791482	28.8603855	15.0962655
24.5697192	9.7598853	22.80903	22.6597795	20.3587013	14.3205081	13.4011363	10.204846	11.0132409	19.631072	21.4208999	4.1411414	4.1411414	16.8884574	11.8830108
18.581974	11.065974	27.4777919	15.0674877	17.2237115	24.5896162	13.1640294	4.0217448	13.0467754	4.0217448	17.1498293	4.0217448	10.2854094	23.7633341	8.0846523
20.296172	3.9139303	24.9603948	19.8719518	17.2012419	14.5328951	13.1909061	6.0867108	12.3287404	20.4960451	16.7688325	9.5231058	11.2166793	20.4794017	16.1903567
20.5666897	10.2204287	24.9416997	18.6136125	15.3393496	20.2350815	22.7203452	9.6203563	13.7704439	12.123362	19.0940004	3.9349264	12.8624842	17.1602436	15.8882959
4.5384536	4.5384536	15.8221719	23.5828836	29.3279633	4.5384536	11.2965628	4.5384536	15.1724535	13.374056	4.5384536	16.0983014	4.5384536	4.5384536	4.5384536
4.5301241	4.5301241	4.5301241	30.235	26.53964	4.5301241	26.007514	4.5301241	9.2737013	18.4747571	4.5301241	4.5301241	4.5301241	4.5301241	30.6392127
18.7621345	4.3149676	23.8478355	33.5360901	17.6613295	13.8541426	25.1490457	11.2072019	8.0196827	13.8202252	18.7070915	16.9869119	9.4504956	21.379188	15.2835136
38.5820458	13.8153081	21.2842041	70.2910064	19.4141315	13.4579935	27.9621098	12.9679158	11.088262	16.6738215	13.1837373	3.8200896	13.8678389	10.5624592	9.0338263
30.0747018	10.4115604	27.9961379	37.8237929	13.6994353	12.6433962	29.5726906	9.9578053	11.3861607	15.5253625	14.201695	3.9234275	11.7378574	17.0503045	10.9691195
30.5600812	14.6924664	34.3510895	29.3335706	16.6919758	13.2340199	25.875006	10.6885085	12.0220164	15.7416412	13.6341474	9.926009	11.6224925	21.7332828	11.3322278
22.6318876	10.7471991	35.3257799	40.2038787	10.3635664	13.4773842	23.352748	10.8310213	12.852099	17.1866669	16.3213717	10.3037812	14.0796544	18.8547978	9.1726692
18.9431374	13.9843186	34.6290936	22.6986636	13.3474194	11.337495	24.5343594	9.2026063	11.3326073	15.1404684	17.4319815	9.8291295	10.9965652	16.9649085	10.3203356
30.3064755	13.8413694	21.7721472	25.3589733	14.5448826	20.9560319	22.8200342	11.8423619	10.9499151	12.3864328	14.0767574	9.6969095	3.9004228	19.7508959	8.8329072
19.841269	4.1239934	28.1697745	21.7168839	18.0020722	12.9747758	27.6177404	9.9964916	10.0649908	13.4019268	18.6683403	10.8914155	4.1239934	19.2268507	4.1239934
21.7134088	9.950958	19.7952337	22.2372414	17.3679176	10.9989642	18.0944739	10.4144198	10.7937118	20.1077382	16.8598251	10.9459468	10.4052649	15.4446037	3.9025934
29.3042561	13.1949322	32.4400286	34.5770117	23.0669002	12.0467737	17.9577755	11.8737889	13.6657822	18.0105894	17.866241	10.3781811	9.4060973	19.7525861	17.0531724
25.1533977	3.9848237	25.0688542	22.7617159	16.1485669	17.7213448	43.9863387	7.5244214	12.4200763	19.3894083	3.9848237	3.9848237	10.5571388	22.4167044	10.2163767
36.5000499	4.0562205	28.74835	21.5109749	15.4333309	4.0562205	14.1224148	11.1706478	8.908986	14.4440496	19.529655	11.3476416	7.8755742	18.31231	4.0562205
23.2134432	14.6068996	20.1130293	17.4743088	16.5341141	11.6402758	12.7085569	8.5280605	9.5506799	14.6267132	12.8429162	4.0194063	15.9016812	17.625115	9.5428297
23.1424528	4.0763233	24.9960476	34.2399266	14.0930113	11.373165	36.5361416	7.8864283	13.2390211	15.6708105	16.2176202	10.6528239	11.1020868	16.69899	10.4144992
20.2509382	10.9565584	35.4433081	20.0563238	16.1971185	12.3701628	12.3034061	11.3450704	12.2710739	20.4255722	22.0963966	3.8973755	10.5828974	18.0751257	10.9131384
19.8085888	13.9351792	34.0327759	20.0364469	17.0122556	18.9440839	14.2030992	10.8332413	13.22862	21.7725311	23.0592385	9.0889769	9.7233576	19.6261662	15.4792773
3.9616556	15.5258036	18.5683462	14.4671628	16.4947325	11.7244013	16.9479006	6.512037	15.0420562	10.6873426	22.6948503	11.1493564	13.5618761	20.7834704	9.5227876
29.1951547	12.004659	25.3670898	16.542173	15.0478211	17.7861077	35.3170466	9.3019584	10.872363	11.45847	12.2281201	9.0012162	7.2312434	20.3157174	3.9011011
21.5310343	16.4181441	44.2055246	56.4050622	14.8036187	13.4034042	38.1775445	12.4094334	15.0900422	14.8662419	22.8117002	4.2485977	11.7240654	18.3573124	12.9367496
39.90184	9.8341519	27.2077002	27.5298252	14.8389377	16.9522151	12.8020592	14.1249882	10.8506851	13.8862812	19.2654795	3.9710451	14.0986553	15.0256257	13.1212788
21.7145976	18.7204161	19.3824015	19.9876019	15.0572567	12.9592926	22.7384374	10.6251246	10.4313589	13.8693718	14.8811307	3.9123722	13.4681183	10.5769996	3.9123722
21.2867428	13.7679989	20.9472553	21.4150316	14.2946425	17.5829669	14.6933067	8.7798021	22.0075066	11.4819701	16.1662887	9.6171003	4.0284486	16.9879509	9.8597353
24.8208084	9.5985089	21.4655176	28.9348966	10.0030502	15.278084	12.0498787	11.8470781	12.5348213	19.9394833	22.8493692	4.1128374	11.7814251	20.8961309	10.0348775
26.1028572	11.8851383	57.0913034	29.1529723	15.873718	11.305608	16.0424113	16.4707781	13.5165325	27.9362055	15.7626515	10.6627018	9.5856324	16.2295332	15.6808684
13.6367309	15.2631279	4.013558	16.753098	17.6535139	13.1603387	23.8947471	4.013558	13.520295	15.8393527	16.6307942	4.013558	17.4915767	22.8249011	4.013558
13.8471997	16.1079499	18.6708019	13.3158341	17.4876112	18.9074827	27.9532764	7.8669999	13.2372962	13.2466818	17.1180018	3.9942246	14.5347467	21.3372899	3.9942246
11.0044498	12.9903518	15.9441132	12.8757161	17.8647048	12.7703288	24.367458	10.6877437	15.2397566	10.0605065	20.8167781	3.9768029	16.8779324	17.7780821	13.4377483
26.4277745	12.3466706	23.1605668	28.432081	17.0836847	14.3507336	17.6916518	12.0918484	12.7396295	19.0952805	16.935494	12.1958638	11.1316914	21.0305347	14.4647379
4.0934493	13.719681	29.6843526	16.6664309	19.4936178	8.77083	18.7346319	9.3420872	11.7413332	16.5754751	27.0729534	12.5500917	4.0934493	19.6544227	16.4082911
12.9117926	13.6149545	22.5447224	16.3583701	18.2196747	13.4063691	34.468995	10.9193795	12.9356689	11.6581676	19.9763147	4.0429796	14.1356205	20.6200094	4.0429796
21.8612965	10.735769	25.5483468	13.0506202	17.7350993	11.1256447	42.1829453	6.5071751	12.0727132	4.0756084	19.8587543	4.0756084	15.550696	19.3276423	4.0756084
4.0623432	14.2917665	10.8060057	15.3753841	19.3721733	14.0593164	12.1085354	9.2376781	13.838692	4.0623432	18.1398594	4.0623432	12.3562141	14.17998	10.4542315
26.2103178	12.4396035	35.7586603	41.3624132	14.7700891	14.3085817	55.4329388	9.4062902	13.7041675	17.5539372	23.8412791	3.9573453	9.8892855	15.7719748	10.2596589
16.094781	12.1823145	22.6786701	19.6039209	12.2643138	15.6872285	12.4705853	9.3104361	13.660563	15.0157829	20.5103162	13.8729561	10.2005902	13.1025272	13.5096322
17.5386298	13.186432	34.9137806	13.7237319	4.0264295	18.5633786	22.7819334	11.0381217	12.8930176	10.5780261	23.6444226	4.0264295	10.8047798	16.5291884	9.7349028
14.5730467	12.4884601	21.835853	12.3933743	18.2251792	28.149373	20.5693811	10.2844229	14.1577036	13.4198963	18.015162	4.3594382	9.1336629	17.8546743	17.9204195
12.0329393	18.792331	32.3107141	23.385539	13.3469942	20.9155747	28.2806458	7.9734348	14.787855	27.674199	27.8814368	14.3613124	14.7472213	22.4314225	14.2807814
28.0802654	11.9768456	21.1684346	19.9027166	17.3643866	16.0017441	13.3602079	9.6564159	16.7880271	14.1634762	16.1222205	10.2432417	4.1314347	16.4096329	17.1164762
13.6614119	18.8678103	39.7041867	24.2761668	17.9583278	15.9336448	33.9300263	9.8487866	13.3508744	4.2668883	29.2385196	4.2668883	4.2668883	30.8793643	14.9114424
20.7238178	14.2410126	29.0318377	10.2824557	14.5329973	13.5839714	22.5452765	4.0502822	12.003062	13.5346293	18.119079	4.0502822	8.7626558	13.9724926	10.5266304
35.2771713	12.527782	41.2259088	26.7502154	15.1965477	18.4877645	20.2752344	12.5369313	13.7468063	19.3778103	35.8921754	4.0497922	11.2778581	24.8817974	15.7359387
16.577118	13.992415	21.8375696	15.2313522	14.0541241	14.6213301	22.2081645	13.3566104	11.9311214	19.7513577	25.8026886	4.0597626	10.0472791	23.3797204	16.3618271
20.95548	11.0817794	23.1467643	12.0745891	20.3862384	11.987939	16.2476494	11.5107484	11.3964017	21.4836978	20.288885	3.8651704	17.4186904	16.0169579	24.2010998
21.050905	4.1084673	31.594103	19.3264404	13.910272	10.1922556	15.935206	10.323431	11.9405856	20.5106094	17.3661685	10.501358	10.981422	12.3062426	9.9573671
27.307569	12.6762379	37.2921332	20.2055082	19.7729805	10.6683653	15.1999893	12.2992185	11.3936497	12.6673938	22.4404933	10.4296707	9.9589247	17.6212428	20.1321931
22.4612254	19.4653928	38.7389997	31.0586858	10.0895202	10.3870556	27.4756291	12.1180461	12.7962477	10.9498759	23.1198746	3.8606051	12.8841333	14.7685046	10.7759648
19.5507389	13.7323002	28.7064688	18.8833293	12.0531327	13.8126751	23.7305556	11.5495954	11.8353132	14.6989972	19.1369122	3.8411037	10.6913065	20.5141064	13.7417985
26.7988847	13.2457177	46.4165661	19.8200448	17.397901	12.1493469	12.3938072	16.781972	13.111113	15.1639387	20.0424879	3.9624793	12.6867549	16.7330996	17.1688116
17.7655653	14.0163568	29.1090096	18.5087139	11.9198961	22.5725917	14.9924847	11.2023536	14.3407766	14.8828241	23.9721049	4.2583106	8.1414033	14.7350116	17.5050945
37.1464889	10.5193583	23.953287	32.604296	12.208074	18.5403285	18.7930246	11.2524986	11.8578029	16.4954656	18.7282813	9.2357871	11.0614936	22.7642648	11.8264927
25.9132752	9.3330686	33.5819175	12.6297909	12.4406889	38.2075429	14.7836602	10.6056414	12.5641801	23.8222192	21.6510083	3.8791834	11.2902455	16.3790829	10.3494603
32.0581282	11.6843404	28.1423973	21.3407236	14.5765447	22.0962536	17.2804197	12.8444062	12.2629944	17.4565168	21.2995039	10.0729069	9.5672715	16.6380793	15.4564985
29.3660768	10.7488487	27.8489018	23.8148257	14.3710017	12.6899317	13.5719201	13.3486831	11.3313844	23.692584	18.4074849	8.9859238	12.0134434	18.1022585	15.5955468
23.0118382	9.2108557	19.7117253	20.0923279	12.9531761	17.5471771	14.8392216	10.9090246	13.392118	20.2270717	21.2149348	4.0086023	9.9060464	17.7153203	13.4851525
42.4713099	10.8422728	29.2822079	38.39406	12.6612412	17.8695294	17.0157492	8.764027	13.6187961	19.1868676	20.7166847	10.4906314	12.2581317	21.6121692	12.5824388
38.80864	13.6410033	45.3727802	17.3085335	18.6318397	12.049817	21.03452	12.3465806	11.8991798	20.3501647	21.3973891	11.0539486	9.2605104	16.0605624	27.9950645
38.3551225	13.4642024	33.7970302	28.7967441	12.8343844	14.1895961	18.4404345	11.7654077	12.6511895	28.9210758	24.0439068	9.6269395	12.8738919	17.7157367	12.1011893
24.5962892	11.2354768	34.8465932	29.8695455	15.9234983	3.9931081	15.395572	12.4770225	12.1347393	13.4798671	22.1653087	8.3789774	10.3986918	16.1509257	11.6422308
23.2532129	12.5207065	28.4107294	18.817343	18.4400346	17.7790463	18.2986619	12.0045608	12.3183142	16.4208257	21.1236777	4.0991394	11.9431781	17.3327312	15.8522727
32.7033503	9.8561343	33.9079779	32.7732084	13.1668223	15.8070978	23.762866	9.161959	11.9994695	19.1698017	20.5046247	3.9586391	10.2756288	16.8985541	12.6466418
24.6017168	12.3830959	25.0250087	26.8411211	16.4055359	14.2958321	16.387964	6.4587666	13.0645369	19.210127	19.7495183	10.1690499	9.6074826	15.8790446	18.4484207
24.7682732	14.6698714	34.5769143	38.0284224	12.8138861	11.1409424	17.337257	16.3390651	11.866353	16.5122873	20.906463	3.7045186	10.9426991	14.3305447	10.7186517
49.8450229	11.6325077	37.4201736	21.2674854	14.4103227	13.1384309	14.0066222	12.5930113	13.1097271	29.2762086	19.5139978	3.7725055	12.5218558	17.7440288	10.8576355
21.3945612	10.1788672	22.6281658	22.0852862	13.9320054	3.9819502	15.3994511	6.7201022	13.284077	18.563968	19.8394078	11.6448394	9.0479309	17.0015294	10.760484
25.2570583	11.0981455	28.0971093	22.2649049	10.1315512	4.0603391	4.0603391	11.5318916	11.3597972	20.1547781	20.1079124	4.0603391	12.8003465	12.9972618	20.1239624
21.1144369	11.1478301	26.3790056	30.280124	12.3919558	12.7020338	18.3830741	11.9530255	12.9610962	16.9188561	18.4286066	9.2754469	10.3584382	16.1379065	12.122492
14.9721224	10.5328153	52.1940715	42.3924724	12.0159575	9.086555	32.5508299	8.7504761	12.5697547	13.2452358	21.129037	3.9733309	11.4492242	14.2278122	10.6221897
26.0460259	3.9745528	28.2289416	23.9077879	13.1526096	16.3337381	15.6165033	11.6055446	12.1614724	14.5429523	19.4336786	9.5269106	15.5519711	13.9730983	15.2653578
24.7583833	10.3875979	20.0110598	24.0998794	15.0302056	3.9594292	12.910885	8.6894092	12.2000221	14.5757017	21.328393	3.9594292	14.6785032	11.1091383	10.6415269
33.2289306	3.8528048	24.5081342	35.0054479	14.6410473	14.3192469	17.2680054	9.4706454	12.6745182	13.0188816	19.8409109	3.8528048	11.9096751	15.4980208	9.5066338
30.9807311	13.1584328	21.6002095	23.2972586	14.5590749	13.7190204	16.1039675	10.5960145	11.2009534	23.5024778	19.8091056	3.9420125	10.2309183	19.4432915	15.6730251
33.1780901	14.2418995	20.4512427	28.8636763	16.8178137	10.7089141	14.3218609	11.0418204	12.2811321	19.1749123	17.9578477	3.9717367	10.7246702	17.6823232	15.8043828
22.2233614	4.079205	26.7443271	19.1006609	11.8702853	4.079205	17.4986601	9.9748743	11.4045268	13.3917801	35.9086599	4.079205	13.6654832	16.4608257	4.079205
31.6224493	3.9512688	25.3365163	27.1739406	14.3397607	14.9411884	12.7416839	11.8519817	12.4453909	20.1792078	18.300869	10.4704537	11.9035869	18.6485111	14.2837202
21.3605612	14.9189805	33.3587321	51.0755969	23.1270123	4.0156986	17.5674105	10.9305273	11.7664471	14.8946043	22.0292659	9.8388969	12.4767067	10.4783586	10.8238798
30.0890198	11.320583	34.3506568	39.4710703	11.6283487	11.7310502	18.2465641	11.4757991	11.122285	18.901205	20.7096076	3.9897585	3.9897585	25.6131258	18.4401702
22.8805384	13.7403643	24.6681785	26.776194	12.3061639	13.490923	14.2451437	10.3867729	12.2951376	19.4415148	19.7388143	3.9391289	10.3543784	16.2803575	15.0609821
18.3156131	12.0092019	21.1609054	26.2193814	14.3423462	12.6655952	13.9706061	10.5785921	12.2527572	12.6966287	16.7731844	11.7910499	14.2567536	15.0586255	11.8308576
27.8234847	10.0307865	20.9550823	18.7551127	11.4391035	21.6889799	16.7183478	10.5535929	12.5069817	15.12774	18.9094198	10.9924332	10.600312	17.7866317	15.0615641
20.6820073	3.9393274	23.9073009	12.4804837	12.6112763	18.0530978	22.6711334	12.3008509	11.075885	12.3726073	16.4897442	3.9393274	10.4409475	15.1133393	10.3845991
53.0181148	13.4983699	28.6795585	25.9930942	15.6206586	15.0352068	25.3663085	17.8418598	11.5248025	31.4231587	25.289521	4.0603203	9.3803312	16.4945671	9.9336409
21.1075179	10.0888245	37.8029587	29.3198054	20.0767189	11.699745	20.4307619	12.6857093	13.0356594	15.6486463	20.0384311	3.8092224	10.9748815	16.128003	19.740101
28.9726653	11.789131	28.0953766	36.6059171	12.4554686	12.2216455	16.8156856	9.093598	13.0958512	16.0492884	18.6682894	3.9197951	11.6078502	21.868743	9.060221
25.9132848	11.8485242	23.729406	31.9369568	14.198243	3.8289244	14.9772401	9.6340131	10.6140424	19.0995592	18.3816124	3.8289244	11.6903383	16.3794367	12.1068244
30.8585179	8.7638253	19.7012577	24.3125631	15.9769065	15.794028	17.4559089	9.5954694	10.9183477	14.6054049	15.8489957	3.8694216	12.2901438	16.8810121	12.1898526
27.2126259	10.621566	34.7565226	28.0391898	15.3055179	14.4120782	9.5164019	10.5715289	12.4475482	21.2909171	17.8782974	4.0199651	9.3139018	16.307522	12.6864491
19.7419705	10.887372	27.0173999	19.0338723	16.3876088	13.4131579	9.2690563	10.714131	21.1605905	17.8010448	14.6499033	9.4852718	12.7964405	16.3620097	13.1204586
21.429724	9.844069	29.2014628	28.8429914	15.9410307	13.3466127	11.1985886	11.9477541	13.4410501	23.9178067	22.4859618	8.2224477	8.3974006	15.1934356	14.2600206
25.5751581	12.4575785	19.4446267	24.5960312	11.3531765	23.3778589	17.7711744	11.251825	12.8679688	25.5263769	14.9514384	10.8053974	12.770139	19.6840265	10.4064274
28.0761504	11.9051692	20.9736098	16.0022989	16.0015977	4.0055213	17.8973937	10.9412612	14.2621965	17.164412	17.567205	4.0055213	7.3774338	15.4641455	13.0325857
30.3624735	10.871295	31.2046644	23.9527723	14.866846	14.6989621	23.6431367	11.1527489	11.909499	16.3103175	17.5842589	9.0970261	9.7363555	17.0725978	14.542615
23.3417499	8.0705717	46.8467919	25.7736793	14.9648565	12.7992186	13.9425341	6.9792491	12.2171045	17.1240141	19.7627371	3.9067095	10.2866374	16.4115722	11.616412
27.5420856	12.566871	22.0977185	21.7711741	16.6229671	20.6672947	16.6956661	12.8427088	11.3376132	16.6694201	18.5058243	3.8210943	11.254421	17.5484129	18.2692084
31.2151767	12.649212	26.1297047	25.0160763	14.6697018	18.125959	24.0374775	11.9082571	11.1694711	17.1689795	16.9515023	3.8541864	11.0080966	16.3730232	10.2001828
25.1096812	16.7493537	30.7047962	20.035685	10.2607941	13.7517984	14.1490484	8.8482363	10.3492389	11.2960727	15.6154292	3.9639731	15.690937	18.2682083	10.5685921
19.3166351	11.8517078	27.104929	15.5917693	10.2299609	3.9669955	27.0393626	9.6860023	13.1893673	13.3545269	14.5679951	3.9669955	10.5787206	16.8895176	8.7699847
44.2954199	4.0630522	47.1275755	21.9746257	12.0359997	13.2600909	31.0243346	10.9098725	10.8446593	12.408161	18.0755556	4.0630522	7.6376998	21.6016254	4.0630522
21.5324461	10.8585214	40.433191	22.6915229	13.0169002	16.7181687	22.5190005	8.6574661	11.0073792	14.4977847	18.6515742	4.0952709	11.4273817	12.7916037	12.7562824
23.4923273	12.7588543	21.9573656	21.217195	13.8760413	13.470127	16.5024264	9.2164571	11.3283298	12.8753022	18.8497916	9.9272453	8.8422751	18.1979546	10.4746966
20.6806231	7.6875185	25.1250787	21.0498477	12.5136777	18.6682897	16.5598373	12.6763	11.0030198	12.9857619	15.8658957	9.3912271	11.2787384	13.1909617	12.4930955
32.7706344	11.1744466	27.5191468	30.2708322	12.9168293	9.2264227	16.0913421	10.0920256	11.1513059	19.4664851	15.2589758	3.8234053	8.6808064	20.5677748	9.7639124
24.1468767	10.0275225	25.3423315	25.1703021	11.985031	18.0117086	15.7580361	9.8125545	12.3826519	16.6155341	16.2432899	3.9457054	12.6696708	13.5513187	9.2673396
26.1184629	10.2726639	21.0737732	17.4996003	10.0853664	21.0332587	13.9112707	11.5871341	10.6189271	11.8489966	16.7544139	4.0238039	10.1520754	14.5546449	20.1419902
24.977011	3.7110785	22.3866602	14.6600257	16.1675191	9.1792795	17.9245975	11.954934	11.1383639	18.595731	15.7802642	3.7110785	8.772978	12.9211958	9.8115502
54.5698101	11.3951858	28.4809442	20.9021015	10.5772893	13.3298528	26.5409478	11.9479482	10.6860726	15.3436175	20.0129131	3.9164099	13.9167157	16.8012696	3.9164099
34.4599617	9.0011861	22.0079158	27.5721299	12.0620686	17.9938563	16.5883045	8.7291478	12.8993299	16.1831707	15.6357797	8.888698	11.0176526	18.1978538	9.7837677
19.7108551	8.1379274	26.3214476	18.1721539	13.9632888	26.8825852	18.4920033	7.2211431	12.7357108	15.6805245	16.6331333	10.6505286	13.3616841	20.7700406	11.0883636
24.040385	11.2061641	19.5433474	22.7296306	11.4691103	16.0223319	14.5007698	9.4309329	11.6194118	14.2882442	16.215461	3.9705341	7.8920642	17.0278759	3.9705341
25.1687563	12.5919848	24.824705	26.8423516	13.5276336	11.3190954	28.4115666	11.1459655	12.8512499	17.0984964	16.6287412	3.8273361	10.3657972	16.1977848	14.2809554
27.7147805	12.4597143	24.1282227	37.8451138	15.5673301	16.9558999	12.9051212	13.0274006	10.2629461	14.9245789	16.2505827	3.8333731	9.3597196	12.2692236	11.3111947
22.0827784	8.8710775	23.8586445	25.5951968	13.420823	15.0750925	13.0566287	9.5422941	10.5919849	16.2280422	16.5478416	3.8702095	9.3651468	17.9499837	9.7853005
19.2203552	15.5407223	15.3156011	18.7985454	14.446183	12.6190517	23.2627456	9.3418717	9.8002879	16.1690361	14.4144932	9.1962876	12.0983359	11.9408569	15.8300431
19.919795	9.6426312	35.901264	24.6968804	16.4412112	11.3514771	18.7714786	11.472692	12.6511293	15.9687144	16.8246919	8.4087792	10.344561	14.3460979	12.0587346
24.6287976	11.1087113	27.3463553	22.8928555	14.462551	15.4837361	13.9980768	13.4616663	10.9304709	14.2453293	18.3128157	10.247255	11.3146232	14.2021447	10.6943276
24.4541078	11.4534795	26.8878437	26.276275	14.8478957	19.964898	11.2221453	15.529335	11.5492901	13.5880912	18.0867756	10.0950477	9.557205	13.4653774	11.5574504
32.4726871	9.530075	33.8054957	30.2182176	14.5558113	13.4050234	15.9250584	12.1689154	13.4356894	32.8239034	18.4262716	3.9131294	11.9550829	15.8936316	13.7190732
28.4830504	11.1974818	38.6568609	17.0732007	14.9540007	14.5368845	21.9470979	10.786476	10.753196	28.912838	17.7405378	3.8832704	9.3414807	16.9645042	3.8832704
21.6911392	12.3822651	20.4566756	28.5773708	15.9964885	10.7275666	12.6368491	12.2665949	11.1396897	12.0755487	16.3297957	3.8141618	12.1755348	12.8030662	13.3479715
27.2324886	10.8140977	22.6925185	21.8777186	16.3712952	11.4719784	13.5030061	9.3083573	10.9135539	19.5217221	17.6842411	8.1801094	11.6890267	19.3941805	17.6296623
27.3391237	10.334466	25.2841481	21.495793	16.1150353	13.0943998	12.4769898	12.2174857	11.0459965	16.0330947	18.3355788	3.863602	9.2130916	14.2818905	8.6424271
34.8905278	13.7238008	25.5272536	29.953433	14.7141068	15.1049939	18.8209667	11.0950165	11.2160746	19.9330991	17.5501645	8.8465366	10.0108971	13.2856691	11.4209706
24.7304737	3.8681845	28.6807538	24.7906231	15.8490623	18.0418144	15.2641632	9.1004587	13.5136461	15.1711318	20.0404339	3.8681845	11.2328139	16.1600817	9.763002
14.5248638	13.0497564	37.0911955	18.3012937	11.7958928	12.7337922	44.2667116	8.4681969	13.39875	10.7333724	20.1968897	4.1611911	10.3139258	22.5449138	4.1611911
23.1839635	4.5466612	55.0880787	20.2093647	23.8884779	4.5466612	21.2537763	4.5466612	13.3305324	19.3415257	17.8635274	13.2674188	10.2584116	15.2677512	13.6289325
19.9754401	12.3102031	28.1264945	23.2442754	12.4449209	13.6065986	12.9667395	9.8278227	12.7487279	11.972461	16.1558645	3.7919682	10.149339	13.7978723	10.5165321
16.654632	13.6930668	22.5315012	26.9510213	14.7853492	15.2822199	14.9650181	7.0797006	11.1289122	14.1087947	17.8502075	3.872855	11.9974866	16.0401029	11.9279353
25.7497914	9.9241507	28.7207065	28.6342174	14.7427271	11.234789	11.3073199	10.1390138	9.0882604	29.3187003	18.5522069	11.2861381	9.8541755	13.4916612	9.8868903
33.8562729	10.9794632	29.0030517	42.620308	15.7053958	16.0963777	18.132784	10.6711585	12.1049885	17.5549792	18.918281	9.0803529	3.8793223	15.909525	11.4431809
21.4065547	12.3045347	32.8683731	32.5941538	12.021733	12.9477228	18.1876259	12.4314294	10.5667165	15.5739312	15.8394549	9.805741	9.4454996	15.7842659	12.4677471
30.567386	11.8155757	24.4789743	27.6781817	14.7275487	12.6132669	20.3479327	14.7588029	10.4600541	17.2389595	21.2090574	10.986378	3.9660529	15.1481127	17.2940152
23.2573265	11.6790829	28.0451184	35.1942301	13.7423799	13.7102292	21.8248136	9.9537963	12.290951	15.1102152	22.2185641	3.8630573	9.7924218	13.331009	3.8630573
26.0793452	12.697256	19.9620571	21.7829048	17.3913587	14.0690979	12.6750467	11.6563881	11.6438045	14.5059094	19.0661759	3.8240392	9.7372307	14.5280852	14.5568146
20.8019732	13.1270739	26.8775743	24.4087753	16.3008419	17.2313145	11.4675062	9.4989321	12.3042297	18.4062141	21.0207133	10.4540776	9.6979324	19.3689007	12.8272503
22.6174916	12.2684258	23.0617668	18.1043115	11.5825936	11.7672137	11.8515289	10.1152484	11.5749349	16.0268424	18.9383539	11.7477302	10.1753837	13.9254673	14.5912012
29.6348471	9.3562784	27.8535458	24.9140038	10.2487458	15.2267346	10.4743836	11.4095435	12.1112791	16.136971	18.4655544	9.4148516	8.5533464	14.0262173	12.3551587
29.7990831	12.2407905	25.4705557	22.8582525	11.673402	18.5285602	15.5900925	10.8441552	10.5662347	18.5465323	16.1675476	3.7843686	9.2190122	17.9680485	13.7239408
27.0904086	8.9920155	37.4565507	31.2019213	13.4022415	16.2418787	14.8686156	12.5282554	10.938729	14.4410596	17.8025359	10.0280869	9.1602021	15.0742803	10.3777333
23.157471	16.6729976	34.0450493	20.8523762	11.9776122	25.0381698	14.619964	9.3092112	10.946771	16.1729684	19.8075318	4.1595512	4.1595512	18.7482145	16.6462807
12.0041961	12.525603	16.1902016	9.8263315	13.0580757	4.019394	37.0784674	8.2562277	10.3438673	24.6150612	18.9908899	4.019394	4.019394	17.5565524	13.0736533
23.574776	12.949798	28.393093	22.184754	22.6253503	14.6224291	18.226737	6.9726389	11.563974	18.2003625	17.596367	4.3730399	4.3730399	27.1150961	18.8702169
27.6788615	11.2576704	25.4690656	32.4136061	15.8981189	12.9143017	15.9189574	10.839493	11.3393754	28.9790767	15.7713827	4.0304371	12.6223827	12.3751152	13.1799581
26.9234512	13.9701302	31.0539273	25.7923329	13.9182739	13.0216207	17.9639902	12.5311856	11.0202405	17.0725097	16.9688089	3.9549811	11.0938691	13.4892578	14.385135
29.4722651	11.6064591	20.6764095	19.6818562	12.5242608	16.6725572	14.5260542	11.8761332	11.4800636	15.4368565	19.0235428	3.9982032	10.5657324	14.7467845	16.2285887
26.877292	11.7719892	23.2591536	37.9958595	14.9262631	11.9182455	12.3830193	13.9628399	9.3375683	18.1594178	16.286272	3.9277521	12.2379376	13.3610684	11.2048887
